Date,County,State,fips,Confirmed,Deaths,New_Cases,New_Cases_Weekly
2020-01-26,Apache,Arizona,,0,0,0.0,
2020-01-27,Apache,Arizona,,0,0,0.0,
2020-01-28,Apache,Arizona,,0,0,0.0,
2020-01-29,Apache,Arizona,,0,0,0.0,
2020-01-30,Apache,Arizona,,0,0,0.0,
2020-01-31,Apache,Arizona,,0,0,0.0,
2020-02-01,Apache,Arizona,,0,0,0.0,0.0
2020-02-02,Apache,Arizona,,0,0,0.0,0.0
2020-02-03,Apache,Arizona,,0,0,0.0,0.0
2020-02-04,Apache,Arizona,,0,0,0.0,0.0
2020-02-05,Apache,Arizona,,0,0,0.0,0.0
2020-02-06,Apache,Arizona,,0,0,0.0,0.0
2020-02-07,Apache,Arizona,,0,0,0.0,0.0
2020-02-08,Apache,Arizona,,0,0,0.0,0.0
2020-02-09,Apache,Arizona,,0,0,0.0,0.0
2020-02-10,Apache,Arizona,,0,0,0.0,0.0
2020-02-11,Apache,Arizona,,0,0,0.0,0.0
2020-02-12,Apache,Arizona,,0,0,0.0,0.0
2020-02-13,Apache,Arizona,,0,0,0.0,0.0
2020-02-14,Apache,Arizona,,0,0,0.0,0.0
2020-02-15,Apache,Arizona,,0,0,0.0,0.0
2020-02-16,Apache,Arizona,,0,0,0.0,0.0
2020-02-17,Apache,Arizona,,0,0,0.0,0.0
2020-02-18,Apache,Arizona,,0,0,0.0,0.0
2020-02-19,Apache,Arizona,,0,0,0.0,0.0
2020-02-20,Apache,Arizona,,0,0,0.0,0.0
2020-02-21,Apache,Arizona,,0,0,0.0,0.0
2020-02-22,Apache,Arizona,,0,0,0.0,0.0
2020-02-23,Apache,Arizona,,0,0,0.0,0.0
2020-02-24,Apache,Arizona,,0,0,0.0,0.0
2020-02-25,Apache,Arizona,,0,0,0.0,0.0
2020-02-26,Apache,Arizona,,0,0,0.0,0.0
2020-02-27,Apache,Arizona,,0,0,0.0,0.0
2020-02-28,Apache,Arizona,,0,0,0.0,0.0
2020-02-29,Apache,Arizona,,0,0,0.0,0.0
2020-03-01,Apache,Arizona,,0,0,0.0,0.0
2020-03-02,Apache,Arizona,,0,0,0.0,0.0
2020-03-03,Apache,Arizona,,0,0,0.0,0.0
2020-03-04,Apache,Arizona,,0,0,0.0,0.0
2020-03-05,Apache,Arizona,,0,0,0.0,0.0
2020-03-06,Apache,Arizona,,0,0,0.0,0.0
2020-03-07,Apache,Arizona,,0,0,0.0,0.0
2020-03-08,Apache,Arizona,,0,0,0.0,0.0
2020-03-09,Apache,Arizona,,0,0,0.0,0.0
2020-03-10,Apache,Arizona,,0,0,0.0,0.0
2020-03-11,Apache,Arizona,,0,0,0.0,0.0
2020-03-12,Apache,Arizona,,0,0,0.0,0.0
2020-03-13,Apache,Arizona,,0,0,0.0,0.0
2020-03-14,Apache,Arizona,,0,0,0.0,0.0
2020-03-15,Apache,Arizona,,0,0,0.0,0.0
2020-03-16,Apache,Arizona,,0,0,0.0,0.0
2020-03-17,Apache,Arizona,,0,0,0.0,0.0
2020-03-18,Apache,Arizona,,0,0,0.0,0.0
2020-03-19,Apache,Arizona,,0,0,0.0,0.0
2020-03-20,Apache,Arizona,,0,0,0.0,0.0
2020-03-21,Apache,Arizona,4001.0,3,0,3.0,0.42857142857142855
2020-03-22,Apache,Arizona,4001.0,3,0,0.0,0.42857142857142855
2020-03-23,Apache,Arizona,4001.0,4,0,1.0,0.5714285714285714
2020-03-24,Apache,Arizona,4001.0,4,0,0.0,0.5714285714285714
2020-03-25,Apache,Arizona,4001.0,7,0,3.0,1.0
2020-03-26,Apache,Arizona,4001.0,9,0,2.0,1.2857142857142858
2020-03-27,Apache,Arizona,4001.0,11,0,2.0,1.5714285714285714
2020-03-28,Apache,Arizona,4001.0,13,0,2.0,1.4285714285714286
2020-03-29,Apache,Arizona,4001.0,13,0,0.0,1.4285714285714286
2020-03-30,Apache,Arizona,4001.0,17,0,4.0,1.8571428571428572
2020-03-31,Apache,Arizona,4001.0,16,0,0.0,1.8571428571428572
2020-04-01,Apache,Arizona,4001.0,17,0,1.0,1.5714285714285714
2020-04-02,Apache,Arizona,4001.0,19,0,2.0,1.5714285714285714
2020-04-03,Apache,Arizona,4001.0,17,0,0.0,1.2857142857142858
2020-04-04,Apache,Arizona,4001.0,20,0,3.0,1.4285714285714286
2020-04-05,Apache,Arizona,4001.0,23,0,3.0,1.8571428571428572
2020-04-06,Apache,Arizona,4001.0,25,0,2.0,1.5714285714285714
2020-04-07,Apache,Arizona,4001.0,28,0,3.0,2.0
2020-04-08,Apache,Arizona,4001.0,34,3,6.0,2.7142857142857144
2020-04-09,Apache,Arizona,4001.0,52,3,18.0,5.0
2020-04-10,Apache,Arizona,4001.0,55,3,3.0,5.428571428571429
2020-04-11,Apache,Arizona,4001.0,66,3,11.0,6.571428571428571
2020-04-12,Apache,Arizona,4001.0,72,3,6.0,7.0
2020-04-13,Apache,Arizona,4001.0,89,3,17.0,9.142857142857142
2020-04-14,Apache,Arizona,4001.0,97,4,8.0,9.857142857142858
2020-04-15,Apache,Arizona,4001.0,110,4,13.0,10.857142857142858
2020-04-16,Apache,Arizona,4001.0,118,4,8.0,9.428571428571429
2020-04-17,Apache,Arizona,4001.0,141,4,23.0,12.285714285714286
2020-04-18,Apache,Arizona,4001.0,169,4,28.0,14.714285714285714
2020-04-19,Apache,Arizona,4001.0,178,4,9.0,15.142857142857142
2020-04-20,Apache,Arizona,4001.0,202,4,24.0,16.142857142857142
2020-04-21,Apache,Arizona,4001.0,226,5,24.0,18.428571428571427
2020-04-22,Apache,Arizona,4001.0,235,5,9.0,17.857142857142858
2020-04-23,Apache,Arizona,4001.0,268,5,33.0,21.428571428571427
2020-04-24,Apache,Arizona,4001.0,296,5,28.0,22.142857142857142
2020-04-25,Apache,Arizona,4001.0,314,5,18.0,20.714285714285715
2020-04-26,Apache,Arizona,4001.0,336,5,22.0,22.571428571428573
2020-04-27,Apache,Arizona,4001.0,362,5,26.0,22.857142857142858
2020-04-28,Apache,Arizona,4001.0,380,5,18.0,22.0
2020-04-29,Apache,Arizona,4001.0,392,5,12.0,22.428571428571427
2020-04-30,Apache,Arizona,4001.0,449,6,57.0,25.857142857142858
2020-05-01,Apache,Arizona,4001.0,478,6,29.0,26.0
2020-05-02,Apache,Arizona,4001.0,507,6,29.0,27.571428571428573
2020-05-03,Apache,Arizona,4001.0,526,6,19.0,27.142857142857142
2020-05-04,Apache,Arizona,4001.0,549,6,23.0,26.714285714285715
2020-05-05,Apache,Arizona,4001.0,576,7,27.0,28.0
2020-05-06,Apache,Arizona,4001.0,612,7,36.0,31.428571428571427
2020-05-07,Apache,Arizona,4001.0,630,7,18.0,25.857142857142858
2020-05-08,Apache,Arizona,4001.0,671,10,41.0,27.571428571428573
2020-05-09,Apache,Arizona,4001.0,710,10,39.0,29.0
2020-05-10,Apache,Arizona,4001.0,716,10,6.0,27.142857142857142
2020-05-11,Apache,Arizona,4001.0,727,10,11.0,25.428571428571427
2020-05-12,Apache,Arizona,4001.0,744,11,17.0,24.0
2020-01-26,Cochise,Arizona,,0,0,0.0,
2020-01-27,Cochise,Arizona,,0,0,0.0,
2020-01-28,Cochise,Arizona,,0,0,0.0,
2020-01-29,Cochise,Arizona,,0,0,0.0,
2020-01-30,Cochise,Arizona,,0,0,0.0,
2020-01-31,Cochise,Arizona,,0,0,0.0,
2020-02-01,Cochise,Arizona,,0,0,0.0,0.0
2020-02-02,Cochise,Arizona,,0,0,0.0,0.0
2020-02-03,Cochise,Arizona,,0,0,0.0,0.0
2020-02-04,Cochise,Arizona,,0,0,0.0,0.0
2020-02-05,Cochise,Arizona,,0,0,0.0,0.0
2020-02-06,Cochise,Arizona,,0,0,0.0,0.0
2020-02-07,Cochise,Arizona,,0,0,0.0,0.0
2020-02-08,Cochise,Arizona,,0,0,0.0,0.0
2020-02-09,Cochise,Arizona,,0,0,0.0,0.0
2020-02-10,Cochise,Arizona,,0,0,0.0,0.0
2020-02-11,Cochise,Arizona,,0,0,0.0,0.0
2020-02-12,Cochise,Arizona,,0,0,0.0,0.0
2020-02-13,Cochise,Arizona,,0,0,0.0,0.0
2020-02-14,Cochise,Arizona,,0,0,0.0,0.0
2020-02-15,Cochise,Arizona,,0,0,0.0,0.0
2020-02-16,Cochise,Arizona,,0,0,0.0,0.0
2020-02-17,Cochise,Arizona,,0,0,0.0,0.0
2020-02-18,Cochise,Arizona,,0,0,0.0,0.0
2020-02-19,Cochise,Arizona,,0,0,0.0,0.0
2020-02-20,Cochise,Arizona,,0,0,0.0,0.0
2020-02-21,Cochise,Arizona,,0,0,0.0,0.0
2020-02-22,Cochise,Arizona,,0,0,0.0,0.0
2020-02-23,Cochise,Arizona,,0,0,0.0,0.0
2020-02-24,Cochise,Arizona,,0,0,0.0,0.0
2020-02-25,Cochise,Arizona,,0,0,0.0,0.0
2020-02-26,Cochise,Arizona,,0,0,0.0,0.0
2020-02-27,Cochise,Arizona,,0,0,0.0,0.0
2020-02-28,Cochise,Arizona,,0,0,0.0,0.0
2020-02-29,Cochise,Arizona,,0,0,0.0,0.0
2020-03-01,Cochise,Arizona,,0,0,0.0,0.0
2020-03-02,Cochise,Arizona,,0,0,0.0,0.0
2020-03-03,Cochise,Arizona,,0,0,0.0,0.0
2020-03-04,Cochise,Arizona,,0,0,0.0,0.0
2020-03-05,Cochise,Arizona,,0,0,0.0,0.0
2020-03-06,Cochise,Arizona,,0,0,0.0,0.0
2020-03-07,Cochise,Arizona,,0,0,0.0,0.0
2020-03-08,Cochise,Arizona,,0,0,0.0,0.0
2020-03-09,Cochise,Arizona,,0,0,0.0,0.0
2020-03-10,Cochise,Arizona,,0,0,0.0,0.0
2020-03-11,Cochise,Arizona,,0,0,0.0,0.0
2020-03-12,Cochise,Arizona,,0,0,0.0,0.0
2020-03-13,Cochise,Arizona,,0,0,0.0,0.0
2020-03-14,Cochise,Arizona,,0,0,0.0,0.0
2020-03-15,Cochise,Arizona,,0,0,0.0,0.0
2020-03-16,Cochise,Arizona,,0,0,0.0,0.0
2020-03-17,Cochise,Arizona,,0,0,0.0,0.0
2020-03-18,Cochise,Arizona,,0,0,0.0,0.0
2020-03-19,Cochise,Arizona,,0,0,0.0,0.0
2020-03-20,Cochise,Arizona,,0,0,0.0,0.0
2020-03-21,Cochise,Arizona,4003.0,1,0,1.0,0.14285714285714285
2020-03-22,Cochise,Arizona,4003.0,1,0,0.0,0.14285714285714285
2020-03-23,Cochise,Arizona,4003.0,1,0,0.0,0.14285714285714285
2020-03-24,Cochise,Arizona,4003.0,1,0,0.0,0.14285714285714285
2020-03-25,Cochise,Arizona,4003.0,1,0,0.0,0.14285714285714285
2020-03-26,Cochise,Arizona,4003.0,2,0,1.0,0.2857142857142857
2020-03-27,Cochise,Arizona,4003.0,2,0,0.0,0.2857142857142857
2020-03-28,Cochise,Arizona,4003.0,3,0,1.0,0.2857142857142857
2020-03-29,Cochise,Arizona,4003.0,3,0,0.0,0.2857142857142857
2020-03-30,Cochise,Arizona,4003.0,4,0,1.0,0.42857142857142855
2020-03-31,Cochise,Arizona,4003.0,4,0,0.0,0.42857142857142855
2020-04-01,Cochise,Arizona,4003.0,4,0,0.0,0.42857142857142855
2020-04-02,Cochise,Arizona,4003.0,4,0,0.0,0.2857142857142857
2020-04-03,Cochise,Arizona,4003.0,5,0,1.0,0.42857142857142855
2020-04-04,Cochise,Arizona,4003.0,7,0,2.0,0.5714285714285714
2020-04-05,Cochise,Arizona,4003.0,8,0,1.0,0.7142857142857143
2020-04-06,Cochise,Arizona,4003.0,9,0,1.0,0.7142857142857143
2020-04-07,Cochise,Arizona,4003.0,9,0,0.0,0.7142857142857143
2020-04-08,Cochise,Arizona,4003.0,9,0,0.0,0.7142857142857143
2020-04-09,Cochise,Arizona,4003.0,11,0,2.0,1.0
2020-04-10,Cochise,Arizona,4003.0,11,0,0.0,0.8571428571428571
2020-04-11,Cochise,Arizona,4003.0,13,0,2.0,0.8571428571428571
2020-04-12,Cochise,Arizona,4003.0,15,0,2.0,1.0
2020-04-13,Cochise,Arizona,4003.0,16,0,1.0,1.0
2020-04-14,Cochise,Arizona,4003.0,15,0,0.0,1.0
2020-04-15,Cochise,Arizona,4003.0,15,0,0.0,1.0
2020-04-16,Cochise,Arizona,4003.0,18,0,3.0,1.1428571428571428
2020-04-17,Cochise,Arizona,4003.0,20,0,2.0,1.4285714285714286
2020-04-18,Cochise,Arizona,4003.0,22,0,2.0,1.4285714285714286
2020-04-19,Cochise,Arizona,4003.0,24,0,2.0,1.4285714285714286
2020-04-20,Cochise,Arizona,4003.0,28,0,4.0,1.8571428571428572
2020-04-21,Cochise,Arizona,4003.0,29,0,1.0,2.0
2020-04-22,Cochise,Arizona,4003.0,31,0,2.0,2.2857142857142856
2020-04-23,Cochise,Arizona,4003.0,31,0,0.0,1.8571428571428572
2020-04-24,Cochise,Arizona,4003.0,34,0,3.0,2.0
2020-04-25,Cochise,Arizona,4003.0,36,0,2.0,2.0
2020-04-26,Cochise,Arizona,4003.0,36,0,0.0,1.7142857142857142
2020-04-27,Cochise,Arizona,4003.0,36,0,0.0,1.1428571428571428
2020-04-28,Cochise,Arizona,4003.0,37,0,1.0,1.1428571428571428
2020-04-29,Cochise,Arizona,4003.0,38,0,1.0,1.0
2020-04-30,Cochise,Arizona,4003.0,39,0,1.0,1.1428571428571428
2020-05-01,Cochise,Arizona,4003.0,39,0,0.0,0.7142857142857143
2020-05-02,Cochise,Arizona,4003.0,39,0,0.0,0.42857142857142855
2020-05-03,Cochise,Arizona,4003.0,39,0,0.0,0.42857142857142855
2020-05-04,Cochise,Arizona,4003.0,39,0,0.0,0.42857142857142855
2020-05-05,Cochise,Arizona,4003.0,39,0,0.0,0.2857142857142857
2020-05-06,Cochise,Arizona,4003.0,40,0,1.0,0.2857142857142857
2020-05-07,Cochise,Arizona,4003.0,40,0,0.0,0.14285714285714285
2020-05-08,Cochise,Arizona,4003.0,41,1,1.0,0.2857142857142857
2020-05-09,Cochise,Arizona,4003.0,41,1,0.0,0.2857142857142857
2020-05-10,Cochise,Arizona,4003.0,41,1,0.0,0.2857142857142857
2020-05-11,Cochise,Arizona,4003.0,42,1,1.0,0.42857142857142855
2020-05-12,Cochise,Arizona,4003.0,43,1,1.0,0.5714285714285714
2020-01-26,Coconino,Arizona,,0,0,0.0,
2020-01-27,Coconino,Arizona,,0,0,0.0,
2020-01-28,Coconino,Arizona,,0,0,0.0,
2020-01-29,Coconino,Arizona,,0,0,0.0,
2020-01-30,Coconino,Arizona,,0,0,0.0,
2020-01-31,Coconino,Arizona,,0,0,0.0,
2020-02-01,Coconino,Arizona,,0,0,0.0,0.0
2020-02-02,Coconino,Arizona,,0,0,0.0,0.0
2020-02-03,Coconino,Arizona,,0,0,0.0,0.0
2020-02-04,Coconino,Arizona,,0,0,0.0,0.0
2020-02-05,Coconino,Arizona,,0,0,0.0,0.0
2020-02-06,Coconino,Arizona,,0,0,0.0,0.0
2020-02-07,Coconino,Arizona,,0,0,0.0,0.0
2020-02-08,Coconino,Arizona,,0,0,0.0,0.0
2020-02-09,Coconino,Arizona,,0,0,0.0,0.0
2020-02-10,Coconino,Arizona,,0,0,0.0,0.0
2020-02-11,Coconino,Arizona,,0,0,0.0,0.0
2020-02-12,Coconino,Arizona,,0,0,0.0,0.0
2020-02-13,Coconino,Arizona,,0,0,0.0,0.0
2020-02-14,Coconino,Arizona,,0,0,0.0,0.0
2020-02-15,Coconino,Arizona,,0,0,0.0,0.0
2020-02-16,Coconino,Arizona,,0,0,0.0,0.0
2020-02-17,Coconino,Arizona,,0,0,0.0,0.0
2020-02-18,Coconino,Arizona,,0,0,0.0,0.0
2020-02-19,Coconino,Arizona,,0,0,0.0,0.0
2020-02-20,Coconino,Arizona,,0,0,0.0,0.0
2020-02-21,Coconino,Arizona,,0,0,0.0,0.0
2020-02-22,Coconino,Arizona,,0,0,0.0,0.0
2020-02-23,Coconino,Arizona,,0,0,0.0,0.0
2020-02-24,Coconino,Arizona,,0,0,0.0,0.0
2020-02-25,Coconino,Arizona,,0,0,0.0,0.0
2020-02-26,Coconino,Arizona,,0,0,0.0,0.0
2020-02-27,Coconino,Arizona,,0,0,0.0,0.0
2020-02-28,Coconino,Arizona,,0,0,0.0,0.0
2020-02-29,Coconino,Arizona,,0,0,0.0,0.0
2020-03-01,Coconino,Arizona,,0,0,0.0,0.0
2020-03-02,Coconino,Arizona,,0,0,0.0,0.0
2020-03-03,Coconino,Arizona,,0,0,0.0,0.0
2020-03-04,Coconino,Arizona,,0,0,0.0,0.0
2020-03-05,Coconino,Arizona,,0,0,0.0,0.0
2020-03-06,Coconino,Arizona,,0,0,0.0,0.0
2020-03-07,Coconino,Arizona,,0,0,0.0,0.0
2020-03-08,Coconino,Arizona,,0,0,0.0,0.0
2020-03-09,Coconino,Arizona,,0,0,0.0,0.0
2020-03-10,Coconino,Arizona,,0,0,0.0,0.0
2020-03-11,Coconino,Arizona,,0,0,0.0,0.0
2020-03-12,Coconino,Arizona,,0,0,0.0,0.0
2020-03-13,Coconino,Arizona,,0,0,0.0,0.0
2020-03-14,Coconino,Arizona,,0,0,0.0,0.0
2020-03-15,Coconino,Arizona,,0,0,0.0,0.0
2020-03-16,Coconino,Arizona,,0,0,0.0,0.0
2020-03-17,Coconino,Arizona,,0,0,0.0,0.0
2020-03-18,Coconino,Arizona,4005.0,1,0,1.0,0.14285714285714285
2020-03-19,Coconino,Arizona,4005.0,2,0,1.0,0.2857142857142857
2020-03-20,Coconino,Arizona,4005.0,11,0,9.0,1.5714285714285714
2020-03-21,Coconino,Arizona,4005.0,11,0,0.0,1.5714285714285714
2020-03-22,Coconino,Arizona,4005.0,15,0,4.0,2.142857142857143
2020-03-23,Coconino,Arizona,4005.0,17,0,2.0,2.4285714285714284
2020-03-24,Coconino,Arizona,4005.0,18,1,1.0,2.5714285714285716
2020-03-25,Coconino,Arizona,4005.0,23,1,5.0,3.142857142857143
2020-03-26,Coconino,Arizona,4005.0,28,2,5.0,3.7142857142857144
2020-03-27,Coconino,Arizona,4005.0,41,2,13.0,4.285714285714286
2020-03-28,Coconino,Arizona,4005.0,56,2,15.0,6.428571428571429
2020-03-29,Coconino,Arizona,4005.0,68,2,12.0,7.571428571428571
2020-03-30,Coconino,Arizona,4005.0,73,3,5.0,8.0
2020-03-31,Coconino,Arizona,4005.0,81,3,8.0,9.0
2020-04-01,Coconino,Arizona,4005.0,85,3,4.0,8.857142857142858
2020-04-02,Coconino,Arizona,4005.0,116,8,31.0,12.571428571428571
2020-04-03,Coconino,Arizona,4005.0,126,8,10.0,12.142857142857142
2020-04-04,Coconino,Arizona,4005.0,147,10,21.0,13.0
2020-04-05,Coconino,Arizona,4005.0,155,10,8.0,12.428571428571429
2020-04-06,Coconino,Arizona,4005.0,167,10,12.0,13.428571428571429
2020-04-07,Coconino,Arizona,4005.0,179,14,12.0,14.0
2020-04-08,Coconino,Arizona,4005.0,186,14,7.0,14.428571428571429
2020-04-09,Coconino,Arizona,4005.0,210,15,24.0,13.428571428571429
2020-04-10,Coconino,Arizona,4005.0,214,15,4.0,12.571428571428571
2020-04-11,Coconino,Arizona,4005.0,238,15,24.0,13.0
2020-04-12,Coconino,Arizona,4005.0,243,21,5.0,12.571428571428571
2020-04-13,Coconino,Arizona,4005.0,253,21,10.0,12.285714285714286
2020-04-14,Coconino,Arizona,4005.0,270,22,17.0,13.0
2020-04-15,Coconino,Arizona,4005.0,266,24,0.0,12.0
2020-04-16,Coconino,Arizona,4005.0,299,26,33.0,13.285714285714286
2020-04-17,Coconino,Arizona,4005.0,304,29,5.0,13.428571428571429
2020-04-18,Coconino,Arizona,4005.0,314,29,10.0,11.428571428571429
2020-04-19,Coconino,Arizona,4005.0,333,30,19.0,13.428571428571429
2020-04-20,Coconino,Arizona,4005.0,337,30,4.0,12.571428571428571
2020-04-21,Coconino,Arizona,4005.0,342,35,5.0,10.857142857142858
2020-04-22,Coconino,Arizona,4005.0,353,35,11.0,12.428571428571429
2020-04-23,Coconino,Arizona,4005.0,372,35,19.0,10.428571428571429
2020-04-24,Coconino,Arizona,4005.0,391,36,19.0,12.428571428571429
2020-04-25,Coconino,Arizona,4005.0,402,40,11.0,12.571428571428571
2020-04-26,Coconino,Arizona,4005.0,420,40,18.0,12.428571428571429
2020-04-27,Coconino,Arizona,4005.0,425,40,5.0,12.571428571428571
2020-04-28,Coconino,Arizona,4005.0,439,42,14.0,13.857142857142858
2020-04-29,Coconino,Arizona,4005.0,453,42,14.0,14.285714285714286
2020-04-30,Coconino,Arizona,4005.0,486,42,33.0,16.285714285714285
2020-05-01,Coconino,Arizona,4005.0,498,44,12.0,15.285714285714286
2020-05-02,Coconino,Arizona,4005.0,512,44,14.0,15.714285714285714
2020-05-03,Coconino,Arizona,4005.0,527,44,15.0,15.285714285714286
2020-05-04,Coconino,Arizona,4005.0,540,44,13.0,16.428571428571427
2020-05-05,Coconino,Arizona,4005.0,561,46,21.0,17.428571428571427
2020-05-06,Coconino,Arizona,4005.0,588,48,27.0,19.285714285714285
2020-05-07,Coconino,Arizona,4005.0,618,49,30.0,18.857142857142858
2020-05-08,Coconino,Arizona,4005.0,659,55,41.0,23.0
2020-05-09,Coconino,Arizona,4005.0,679,55,20.0,23.857142857142858
2020-05-10,Coconino,Arizona,4005.0,699,55,20.0,24.571428571428573
2020-05-11,Coconino,Arizona,4005.0,713,56,14.0,24.714285714285715
2020-05-12,Coconino,Arizona,4005.0,720,58,7.0,22.714285714285715
2020-01-26,Gila,Arizona,,0,0,0.0,
2020-01-27,Gila,Arizona,,0,0,0.0,
2020-01-28,Gila,Arizona,,0,0,0.0,
2020-01-29,Gila,Arizona,,0,0,0.0,
2020-01-30,Gila,Arizona,,0,0,0.0,
2020-01-31,Gila,Arizona,,0,0,0.0,
2020-02-01,Gila,Arizona,,0,0,0.0,0.0
2020-02-02,Gila,Arizona,,0,0,0.0,0.0
2020-02-03,Gila,Arizona,,0,0,0.0,0.0
2020-02-04,Gila,Arizona,,0,0,0.0,0.0
2020-02-05,Gila,Arizona,,0,0,0.0,0.0
2020-02-06,Gila,Arizona,,0,0,0.0,0.0
2020-02-07,Gila,Arizona,,0,0,0.0,0.0
2020-02-08,Gila,Arizona,,0,0,0.0,0.0
2020-02-09,Gila,Arizona,,0,0,0.0,0.0
2020-02-10,Gila,Arizona,,0,0,0.0,0.0
2020-02-11,Gila,Arizona,,0,0,0.0,0.0
2020-02-12,Gila,Arizona,,0,0,0.0,0.0
2020-02-13,Gila,Arizona,,0,0,0.0,0.0
2020-02-14,Gila,Arizona,,0,0,0.0,0.0
2020-02-15,Gila,Arizona,,0,0,0.0,0.0
2020-02-16,Gila,Arizona,,0,0,0.0,0.0
2020-02-17,Gila,Arizona,,0,0,0.0,0.0
2020-02-18,Gila,Arizona,,0,0,0.0,0.0
2020-02-19,Gila,Arizona,,0,0,0.0,0.0
2020-02-20,Gila,Arizona,,0,0,0.0,0.0
2020-02-21,Gila,Arizona,,0,0,0.0,0.0
2020-02-22,Gila,Arizona,,0,0,0.0,0.0
2020-02-23,Gila,Arizona,,0,0,0.0,0.0
2020-02-24,Gila,Arizona,,0,0,0.0,0.0
2020-02-25,Gila,Arizona,,0,0,0.0,0.0
2020-02-26,Gila,Arizona,,0,0,0.0,0.0
2020-02-27,Gila,Arizona,,0,0,0.0,0.0
2020-02-28,Gila,Arizona,,0,0,0.0,0.0
2020-02-29,Gila,Arizona,,0,0,0.0,0.0
2020-03-01,Gila,Arizona,,0,0,0.0,0.0
2020-03-02,Gila,Arizona,,0,0,0.0,0.0
2020-03-03,Gila,Arizona,,0,0,0.0,0.0
2020-03-04,Gila,Arizona,,0,0,0.0,0.0
2020-03-05,Gila,Arizona,,0,0,0.0,0.0
2020-03-06,Gila,Arizona,,0,0,0.0,0.0
2020-03-07,Gila,Arizona,,0,0,0.0,0.0
2020-03-08,Gila,Arizona,,0,0,0.0,0.0
2020-03-09,Gila,Arizona,,0,0,0.0,0.0
2020-03-10,Gila,Arizona,,0,0,0.0,0.0
2020-03-11,Gila,Arizona,,0,0,0.0,0.0
2020-03-12,Gila,Arizona,,0,0,0.0,0.0
2020-03-13,Gila,Arizona,,0,0,0.0,0.0
2020-03-14,Gila,Arizona,,0,0,0.0,0.0
2020-03-15,Gila,Arizona,,0,0,0.0,0.0
2020-03-16,Gila,Arizona,,0,0,0.0,0.0
2020-03-17,Gila,Arizona,,0,0,0.0,0.0
2020-03-18,Gila,Arizona,,0,0,0.0,0.0
2020-03-19,Gila,Arizona,,0,0,0.0,0.0
2020-03-20,Gila,Arizona,,0,0,0.0,0.0
2020-03-21,Gila,Arizona,,0,0,0.0,0.0
2020-03-22,Gila,Arizona,,0,0,0.0,0.0
2020-03-23,Gila,Arizona,,0,0,0.0,0.0
2020-03-24,Gila,Arizona,,0,0,0.0,0.0
2020-03-25,Gila,Arizona,,0,0,0.0,0.0
2020-03-26,Gila,Arizona,,0,0,0.0,0.0
2020-03-27,Gila,Arizona,,0,0,0.0,0.0
2020-03-28,Gila,Arizona,4007.0,1,0,1.0,0.14285714285714285
2020-03-29,Gila,Arizona,4007.0,1,0,0.0,0.14285714285714285
2020-03-30,Gila,Arizona,4007.0,1,0,0.0,0.14285714285714285
2020-03-31,Gila,Arizona,4007.0,1,0,0.0,0.14285714285714285
2020-04-01,Gila,Arizona,4007.0,1,0,0.0,0.14285714285714285
2020-04-02,Gila,Arizona,4007.0,2,0,1.0,0.2857142857142857
2020-04-03,Gila,Arizona,4007.0,2,0,0.0,0.2857142857142857
2020-04-04,Gila,Arizona,4007.0,3,0,1.0,0.2857142857142857
2020-04-05,Gila,Arizona,4007.0,3,0,0.0,0.2857142857142857
2020-04-06,Gila,Arizona,4007.0,3,0,0.0,0.2857142857142857
2020-04-07,Gila,Arizona,4007.0,3,0,0.0,0.2857142857142857
2020-04-08,Gila,Arizona,4007.0,3,0,0.0,0.2857142857142857
2020-04-09,Gila,Arizona,4007.0,3,0,0.0,0.14285714285714285
2020-04-10,Gila,Arizona,4007.0,3,0,0.0,0.14285714285714285
2020-04-11,Gila,Arizona,4007.0,3,0,0.0,0.0
2020-04-12,Gila,Arizona,4007.0,3,0,0.0,0.0
2020-04-13,Gila,Arizona,4007.0,3,0,0.0,0.0
2020-04-14,Gila,Arizona,4007.0,3,0,0.0,0.0
2020-04-15,Gila,Arizona,4007.0,3,0,0.0,0.0
2020-04-16,Gila,Arizona,4007.0,5,0,2.0,0.2857142857142857
2020-04-17,Gila,Arizona,4007.0,5,0,0.0,0.2857142857142857
2020-04-18,Gila,Arizona,4007.0,7,0,2.0,0.5714285714285714
2020-04-19,Gila,Arizona,4007.0,7,0,0.0,0.5714285714285714
2020-04-20,Gila,Arizona,4007.0,8,0,1.0,0.7142857142857143
2020-04-21,Gila,Arizona,4007.0,9,0,1.0,0.8571428571428571
2020-04-22,Gila,Arizona,4007.0,10,0,1.0,1.0
2020-04-23,Gila,Arizona,4007.0,12,0,2.0,1.0
2020-04-24,Gila,Arizona,4007.0,11,0,0.0,1.0
2020-04-25,Gila,Arizona,4007.0,11,0,0.0,0.7142857142857143
2020-04-26,Gila,Arizona,4007.0,11,0,0.0,0.7142857142857143
2020-04-27,Gila,Arizona,4007.0,11,0,0.0,0.5714285714285714
2020-04-28,Gila,Arizona,4007.0,11,0,0.0,0.42857142857142855
2020-04-29,Gila,Arizona,4007.0,12,0,1.0,0.42857142857142855
2020-04-30,Gila,Arizona,4007.0,13,0,1.0,0.2857142857142857
2020-05-01,Gila,Arizona,4007.0,13,0,0.0,0.2857142857142857
2020-05-02,Gila,Arizona,4007.0,14,0,1.0,0.42857142857142855
2020-05-03,Gila,Arizona,4007.0,14,0,0.0,0.42857142857142855
2020-05-04,Gila,Arizona,4007.0,14,0,0.0,0.42857142857142855
2020-05-05,Gila,Arizona,4007.0,14,0,0.0,0.42857142857142855
2020-05-06,Gila,Arizona,4007.0,15,0,1.0,0.42857142857142855
2020-05-07,Gila,Arizona,4007.0,17,0,2.0,0.5714285714285714
2020-05-08,Gila,Arizona,4007.0,19,1,2.0,0.8571428571428571
2020-05-09,Gila,Arizona,4007.0,19,1,0.0,0.7142857142857143
2020-05-10,Gila,Arizona,4007.0,19,1,0.0,0.7142857142857143
2020-05-11,Gila,Arizona,4007.0,19,1,0.0,0.7142857142857143
2020-05-12,Gila,Arizona,4007.0,19,1,0.0,0.7142857142857143
2020-01-26,Graham,Arizona,,0,0,0.0,
2020-01-27,Graham,Arizona,,0,0,0.0,
2020-01-28,Graham,Arizona,,0,0,0.0,
2020-01-29,Graham,Arizona,,0,0,0.0,
2020-01-30,Graham,Arizona,,0,0,0.0,
2020-01-31,Graham,Arizona,,0,0,0.0,
2020-02-01,Graham,Arizona,,0,0,0.0,0.0
2020-02-02,Graham,Arizona,,0,0,0.0,0.0
2020-02-03,Graham,Arizona,,0,0,0.0,0.0
2020-02-04,Graham,Arizona,,0,0,0.0,0.0
2020-02-05,Graham,Arizona,,0,0,0.0,0.0
2020-02-06,Graham,Arizona,,0,0,0.0,0.0
2020-02-07,Graham,Arizona,,0,0,0.0,0.0
2020-02-08,Graham,Arizona,,0,0,0.0,0.0
2020-02-09,Graham,Arizona,,0,0,0.0,0.0
2020-02-10,Graham,Arizona,,0,0,0.0,0.0
2020-02-11,Graham,Arizona,,0,0,0.0,0.0
2020-02-12,Graham,Arizona,,0,0,0.0,0.0
2020-02-13,Graham,Arizona,,0,0,0.0,0.0
2020-02-14,Graham,Arizona,,0,0,0.0,0.0
2020-02-15,Graham,Arizona,,0,0,0.0,0.0
2020-02-16,Graham,Arizona,,0,0,0.0,0.0
2020-02-17,Graham,Arizona,,0,0,0.0,0.0
2020-02-18,Graham,Arizona,,0,0,0.0,0.0
2020-02-19,Graham,Arizona,,0,0,0.0,0.0
2020-02-20,Graham,Arizona,,0,0,0.0,0.0
2020-02-21,Graham,Arizona,,0,0,0.0,0.0
2020-02-22,Graham,Arizona,,0,0,0.0,0.0
2020-02-23,Graham,Arizona,,0,0,0.0,0.0
2020-02-24,Graham,Arizona,,0,0,0.0,0.0
2020-02-25,Graham,Arizona,,0,0,0.0,0.0
2020-02-26,Graham,Arizona,,0,0,0.0,0.0
2020-02-27,Graham,Arizona,,0,0,0.0,0.0
2020-02-28,Graham,Arizona,,0,0,0.0,0.0
2020-02-29,Graham,Arizona,,0,0,0.0,0.0
2020-03-01,Graham,Arizona,,0,0,0.0,0.0
2020-03-02,Graham,Arizona,,0,0,0.0,0.0
2020-03-03,Graham,Arizona,,0,0,0.0,0.0
2020-03-04,Graham,Arizona,,0,0,0.0,0.0
2020-03-05,Graham,Arizona,,0,0,0.0,0.0
2020-03-06,Graham,Arizona,,0,0,0.0,0.0
2020-03-07,Graham,Arizona,,0,0,0.0,0.0
2020-03-08,Graham,Arizona,,0,0,0.0,0.0
2020-03-09,Graham,Arizona,,0,0,0.0,0.0
2020-03-10,Graham,Arizona,,0,0,0.0,0.0
2020-03-11,Graham,Arizona,,0,0,0.0,0.0
2020-03-12,Graham,Arizona,,0,0,0.0,0.0
2020-03-13,Graham,Arizona,,0,0,0.0,0.0
2020-03-14,Graham,Arizona,4009.0,1,0,1.0,0.14285714285714285
2020-03-15,Graham,Arizona,4009.0,1,0,0.0,0.14285714285714285
2020-03-16,Graham,Arizona,4009.0,1,0,0.0,0.14285714285714285
2020-03-17,Graham,Arizona,4009.0,1,0,0.0,0.14285714285714285
2020-03-18,Graham,Arizona,4009.0,1,0,0.0,0.14285714285714285
2020-03-19,Graham,Arizona,4009.0,1,0,0.0,0.14285714285714285
2020-03-20,Graham,Arizona,4009.0,1,0,0.0,0.14285714285714285
2020-03-21,Graham,Arizona,4009.0,1,0,0.0,0.0
2020-03-22,Graham,Arizona,4009.0,2,0,1.0,0.14285714285714285
2020-03-23,Graham,Arizona,4009.0,2,0,0.0,0.14285714285714285
2020-03-24,Graham,Arizona,4009.0,2,0,0.0,0.14285714285714285
2020-03-25,Graham,Arizona,4009.0,2,0,0.0,0.14285714285714285
2020-03-26,Graham,Arizona,4009.0,2,0,0.0,0.14285714285714285
2020-03-27,Graham,Arizona,4009.0,4,0,2.0,0.42857142857142855
2020-03-28,Graham,Arizona,4009.0,2,0,0.0,0.42857142857142855
2020-03-29,Graham,Arizona,4009.0,2,0,0.0,0.2857142857142857
2020-03-30,Graham,Arizona,4009.0,2,0,0.0,0.2857142857142857
2020-03-31,Graham,Arizona,4009.0,2,0,0.0,0.2857142857142857
2020-04-01,Graham,Arizona,4009.0,2,0,0.0,0.2857142857142857
2020-04-02,Graham,Arizona,4009.0,2,0,0.0,0.2857142857142857
2020-04-03,Graham,Arizona,4009.0,2,0,0.0,0.0
2020-04-04,Graham,Arizona,4009.0,3,0,1.0,0.14285714285714285
2020-04-05,Graham,Arizona,4009.0,2,0,0.0,0.14285714285714285
2020-04-06,Graham,Arizona,4009.0,2,0,0.0,0.14285714285714285
2020-04-07,Graham,Arizona,4009.0,2,0,0.0,0.14285714285714285
2020-04-08,Graham,Arizona,4009.0,2,0,0.0,0.14285714285714285
2020-04-09,Graham,Arizona,4009.0,2,0,0.0,0.14285714285714285
2020-04-10,Graham,Arizona,4009.0,2,0,0.0,0.14285714285714285
2020-04-11,Graham,Arizona,4009.0,2,0,0.0,0.0
2020-04-12,Graham,Arizona,4009.0,2,0,0.0,0.0
2020-04-13,Graham,Arizona,4009.0,2,0,0.0,0.0
2020-04-14,Graham,Arizona,4009.0,2,0,0.0,0.0
2020-04-15,Graham,Arizona,4009.0,2,0,0.0,0.0
2020-04-16,Graham,Arizona,4009.0,2,0,0.0,0.0
2020-04-17,Graham,Arizona,4009.0,2,0,0.0,0.0
2020-04-18,Graham,Arizona,4009.0,2,0,0.0,0.0
2020-04-19,Graham,Arizona,4009.0,2,0,0.0,0.0
2020-04-20,Graham,Arizona,4009.0,2,0,0.0,0.0
2020-04-21,Graham,Arizona,4009.0,2,0,0.0,0.0
2020-04-22,Graham,Arizona,4009.0,2,0,0.0,0.0
2020-04-23,Graham,Arizona,4009.0,4,0,2.0,0.2857142857142857
2020-04-24,Graham,Arizona,4009.0,7,0,3.0,0.7142857142857143
2020-04-25,Graham,Arizona,4009.0,6,0,0.0,0.7142857142857143
2020-04-26,Graham,Arizona,4009.0,7,0,1.0,0.8571428571428571
2020-04-27,Graham,Arizona,4009.0,9,0,2.0,1.1428571428571428
2020-04-28,Graham,Arizona,4009.0,9,0,0.0,1.1428571428571428
2020-04-29,Graham,Arizona,4009.0,10,0,1.0,1.2857142857142858
2020-04-30,Graham,Arizona,4009.0,16,0,6.0,1.8571428571428572
2020-05-01,Graham,Arizona,4009.0,17,0,1.0,1.5714285714285714
2020-05-02,Graham,Arizona,4009.0,17,0,0.0,1.5714285714285714
2020-05-03,Graham,Arizona,4009.0,18,0,1.0,1.5714285714285714
2020-05-04,Graham,Arizona,4009.0,18,0,0.0,1.2857142857142858
2020-05-05,Graham,Arizona,4009.0,19,0,1.0,1.4285714285714286
2020-05-06,Graham,Arizona,4009.0,19,0,0.0,1.2857142857142858
2020-05-07,Graham,Arizona,4009.0,19,0,0.0,0.42857142857142855
2020-05-08,Graham,Arizona,4009.0,18,0,0.0,0.2857142857142857
2020-05-09,Graham,Arizona,4009.0,19,0,1.0,0.42857142857142855
2020-05-10,Graham,Arizona,4009.0,19,0,0.0,0.2857142857142857
2020-05-11,Graham,Arizona,4009.0,19,0,0.0,0.2857142857142857
2020-05-12,Graham,Arizona,4009.0,20,0,1.0,0.2857142857142857
2020-01-26,Greenlee,Arizona,,0,0,0.0,
2020-01-27,Greenlee,Arizona,,0,0,0.0,
2020-01-28,Greenlee,Arizona,,0,0,0.0,
2020-01-29,Greenlee,Arizona,,0,0,0.0,
2020-01-30,Greenlee,Arizona,,0,0,0.0,
2020-01-31,Greenlee,Arizona,,0,0,0.0,
2020-02-01,Greenlee,Arizona,,0,0,0.0,0.0
2020-02-02,Greenlee,Arizona,,0,0,0.0,0.0
2020-02-03,Greenlee,Arizona,,0,0,0.0,0.0
2020-02-04,Greenlee,Arizona,,0,0,0.0,0.0
2020-02-05,Greenlee,Arizona,,0,0,0.0,0.0
2020-02-06,Greenlee,Arizona,,0,0,0.0,0.0
2020-02-07,Greenlee,Arizona,,0,0,0.0,0.0
2020-02-08,Greenlee,Arizona,,0,0,0.0,0.0
2020-02-09,Greenlee,Arizona,,0,0,0.0,0.0
2020-02-10,Greenlee,Arizona,,0,0,0.0,0.0
2020-02-11,Greenlee,Arizona,,0,0,0.0,0.0
2020-02-12,Greenlee,Arizona,,0,0,0.0,0.0
2020-02-13,Greenlee,Arizona,,0,0,0.0,0.0
2020-02-14,Greenlee,Arizona,,0,0,0.0,0.0
2020-02-15,Greenlee,Arizona,,0,0,0.0,0.0
2020-02-16,Greenlee,Arizona,,0,0,0.0,0.0
2020-02-17,Greenlee,Arizona,,0,0,0.0,0.0
2020-02-18,Greenlee,Arizona,,0,0,0.0,0.0
2020-02-19,Greenlee,Arizona,,0,0,0.0,0.0
2020-02-20,Greenlee,Arizona,,0,0,0.0,0.0
2020-02-21,Greenlee,Arizona,,0,0,0.0,0.0
2020-02-22,Greenlee,Arizona,,0,0,0.0,0.0
2020-02-23,Greenlee,Arizona,,0,0,0.0,0.0
2020-02-24,Greenlee,Arizona,,0,0,0.0,0.0
2020-02-25,Greenlee,Arizona,,0,0,0.0,0.0
2020-02-26,Greenlee,Arizona,,0,0,0.0,0.0
2020-02-27,Greenlee,Arizona,,0,0,0.0,0.0
2020-02-28,Greenlee,Arizona,,0,0,0.0,0.0
2020-02-29,Greenlee,Arizona,,0,0,0.0,0.0
2020-03-01,Greenlee,Arizona,,0,0,0.0,0.0
2020-03-02,Greenlee,Arizona,,0,0,0.0,0.0
2020-03-03,Greenlee,Arizona,,0,0,0.0,0.0
2020-03-04,Greenlee,Arizona,,0,0,0.0,0.0
2020-03-05,Greenlee,Arizona,,0,0,0.0,0.0
2020-03-06,Greenlee,Arizona,,0,0,0.0,0.0
2020-03-07,Greenlee,Arizona,,0,0,0.0,0.0
2020-03-08,Greenlee,Arizona,,0,0,0.0,0.0
2020-03-09,Greenlee,Arizona,,0,0,0.0,0.0
2020-03-10,Greenlee,Arizona,,0,0,0.0,0.0
2020-03-11,Greenlee,Arizona,,0,0,0.0,0.0
2020-03-12,Greenlee,Arizona,,0,0,0.0,0.0
2020-03-13,Greenlee,Arizona,,0,0,0.0,0.0
2020-03-14,Greenlee,Arizona,,0,0,0.0,0.0
2020-03-15,Greenlee,Arizona,,0,0,0.0,0.0
2020-03-16,Greenlee,Arizona,,0,0,0.0,0.0
2020-03-17,Greenlee,Arizona,,0,0,0.0,0.0
2020-03-18,Greenlee,Arizona,,0,0,0.0,0.0
2020-03-19,Greenlee,Arizona,,0,0,0.0,0.0
2020-03-20,Greenlee,Arizona,,0,0,0.0,0.0
2020-03-21,Greenlee,Arizona,,0,0,0.0,0.0
2020-03-22,Greenlee,Arizona,,0,0,0.0,0.0
2020-03-23,Greenlee,Arizona,,0,0,0.0,0.0
2020-03-24,Greenlee,Arizona,,0,0,0.0,0.0
2020-03-25,Greenlee,Arizona,,0,0,0.0,0.0
2020-03-26,Greenlee,Arizona,,0,0,0.0,0.0
2020-03-27,Greenlee,Arizona,,0,0,0.0,0.0
2020-03-28,Greenlee,Arizona,,0,0,0.0,0.0
2020-03-29,Greenlee,Arizona,,0,0,0.0,0.0
2020-03-30,Greenlee,Arizona,4011.0,1,0,1.0,0.14285714285714285
2020-03-31,Greenlee,Arizona,4011.0,1,0,0.0,0.14285714285714285
2020-04-01,Greenlee,Arizona,4011.0,1,0,0.0,0.14285714285714285
2020-04-02,Greenlee,Arizona,4011.0,1,0,0.0,0.14285714285714285
2020-04-03,Greenlee,Arizona,4011.0,1,0,0.0,0.14285714285714285
2020-04-04,Greenlee,Arizona,4011.0,1,0,0.0,0.14285714285714285
2020-04-05,Greenlee,Arizona,4011.0,1,0,0.0,0.14285714285714285
2020-04-06,Greenlee,Arizona,4011.0,1,0,0.0,0.0
2020-04-07,Greenlee,Arizona,4011.0,1,0,0.0,0.0
2020-04-08,Greenlee,Arizona,4011.0,1,0,0.0,0.0
2020-04-09,Greenlee,Arizona,4011.0,1,0,0.0,0.0
2020-04-10,Greenlee,Arizona,4011.0,1,0,0.0,0.0
2020-04-11,Greenlee,Arizona,4011.0,2,0,1.0,0.14285714285714285
2020-04-12,Greenlee,Arizona,4011.0,2,0,0.0,0.14285714285714285
2020-04-13,Greenlee,Arizona,4011.0,2,0,0.0,0.14285714285714285
2020-04-14,Greenlee,Arizona,4011.0,2,0,0.0,0.14285714285714285
2020-04-15,Greenlee,Arizona,4011.0,2,0,0.0,0.14285714285714285
2020-04-16,Greenlee,Arizona,4011.0,2,0,0.0,0.14285714285714285
2020-04-17,Greenlee,Arizona,4011.0,2,0,0.0,0.14285714285714285
2020-04-18,Greenlee,Arizona,4011.0,2,0,0.0,0.0
2020-04-19,Greenlee,Arizona,4011.0,2,0,0.0,0.0
2020-04-20,Greenlee,Arizona,4011.0,2,0,0.0,0.0
2020-04-21,Greenlee,Arizona,4011.0,2,0,0.0,0.0
2020-04-22,Greenlee,Arizona,4011.0,2,0,0.0,0.0
2020-04-23,Greenlee,Arizona,4011.0,2,0,0.0,0.0
2020-04-24,Greenlee,Arizona,4011.0,2,0,0.0,0.0
2020-04-25,Greenlee,Arizona,4011.0,2,0,0.0,0.0
2020-04-26,Greenlee,Arizona,4011.0,2,0,0.0,0.0
2020-04-27,Greenlee,Arizona,4011.0,2,0,0.0,0.0
2020-04-28,Greenlee,Arizona,4011.0,2,0,0.0,0.0
2020-04-29,Greenlee,Arizona,4011.0,2,0,0.0,0.0
2020-04-30,Greenlee,Arizona,4011.0,2,0,0.0,0.0
2020-05-01,Greenlee,Arizona,4011.0,2,0,0.0,0.0
2020-05-02,Greenlee,Arizona,4011.0,2,0,0.0,0.0
2020-05-03,Greenlee,Arizona,4011.0,2,0,0.0,0.0
2020-05-04,Greenlee,Arizona,4011.0,2,0,0.0,0.0
2020-05-05,Greenlee,Arizona,4011.0,2,0,0.0,0.0
2020-05-06,Greenlee,Arizona,4011.0,2,0,0.0,0.0
2020-05-07,Greenlee,Arizona,4011.0,2,0,0.0,0.0
2020-05-08,Greenlee,Arizona,4011.0,2,0,0.0,0.0
2020-05-09,Greenlee,Arizona,4011.0,2,0,0.0,0.0
2020-05-10,Greenlee,Arizona,4011.0,2,0,0.0,0.0
2020-05-11,Greenlee,Arizona,4011.0,2,0,0.0,0.0
2020-05-12,Greenlee,Arizona,4011.0,2,0,0.0,0.0
2020-01-26,La Paz,Arizona,,0,0,0.0,
2020-01-27,La Paz,Arizona,,0,0,0.0,
2020-01-28,La Paz,Arizona,,0,0,0.0,
2020-01-29,La Paz,Arizona,,0,0,0.0,
2020-01-30,La Paz,Arizona,,0,0,0.0,
2020-01-31,La Paz,Arizona,,0,0,0.0,
2020-02-01,La Paz,Arizona,,0,0,0.0,0.0
2020-02-02,La Paz,Arizona,,0,0,0.0,0.0
2020-02-03,La Paz,Arizona,,0,0,0.0,0.0
2020-02-04,La Paz,Arizona,,0,0,0.0,0.0
2020-02-05,La Paz,Arizona,,0,0,0.0,0.0
2020-02-06,La Paz,Arizona,,0,0,0.0,0.0
2020-02-07,La Paz,Arizona,,0,0,0.0,0.0
2020-02-08,La Paz,Arizona,,0,0,0.0,0.0
2020-02-09,La Paz,Arizona,,0,0,0.0,0.0
2020-02-10,La Paz,Arizona,,0,0,0.0,0.0
2020-02-11,La Paz,Arizona,,0,0,0.0,0.0
2020-02-12,La Paz,Arizona,,0,0,0.0,0.0
2020-02-13,La Paz,Arizona,,0,0,0.0,0.0
2020-02-14,La Paz,Arizona,,0,0,0.0,0.0
2020-02-15,La Paz,Arizona,,0,0,0.0,0.0
2020-02-16,La Paz,Arizona,,0,0,0.0,0.0
2020-02-17,La Paz,Arizona,,0,0,0.0,0.0
2020-02-18,La Paz,Arizona,,0,0,0.0,0.0
2020-02-19,La Paz,Arizona,,0,0,0.0,0.0
2020-02-20,La Paz,Arizona,,0,0,0.0,0.0
2020-02-21,La Paz,Arizona,,0,0,0.0,0.0
2020-02-22,La Paz,Arizona,,0,0,0.0,0.0
2020-02-23,La Paz,Arizona,,0,0,0.0,0.0
2020-02-24,La Paz,Arizona,,0,0,0.0,0.0
2020-02-25,La Paz,Arizona,,0,0,0.0,0.0
2020-02-26,La Paz,Arizona,,0,0,0.0,0.0
2020-02-27,La Paz,Arizona,,0,0,0.0,0.0
2020-02-28,La Paz,Arizona,,0,0,0.0,0.0
2020-02-29,La Paz,Arizona,,0,0,0.0,0.0
2020-03-01,La Paz,Arizona,,0,0,0.0,0.0
2020-03-02,La Paz,Arizona,,0,0,0.0,0.0
2020-03-03,La Paz,Arizona,,0,0,0.0,0.0
2020-03-04,La Paz,Arizona,,0,0,0.0,0.0
2020-03-05,La Paz,Arizona,,0,0,0.0,0.0
2020-03-06,La Paz,Arizona,,0,0,0.0,0.0
2020-03-07,La Paz,Arizona,,0,0,0.0,0.0
2020-03-08,La Paz,Arizona,,0,0,0.0,0.0
2020-03-09,La Paz,Arizona,,0,0,0.0,0.0
2020-03-10,La Paz,Arizona,,0,0,0.0,0.0
2020-03-11,La Paz,Arizona,,0,0,0.0,0.0
2020-03-12,La Paz,Arizona,,0,0,0.0,0.0
2020-03-13,La Paz,Arizona,,0,0,0.0,0.0
2020-03-14,La Paz,Arizona,,0,0,0.0,0.0
2020-03-15,La Paz,Arizona,,0,0,0.0,0.0
2020-03-16,La Paz,Arizona,,0,0,0.0,0.0
2020-03-17,La Paz,Arizona,,0,0,0.0,0.0
2020-03-18,La Paz,Arizona,,0,0,0.0,0.0
2020-03-19,La Paz,Arizona,,0,0,0.0,0.0
2020-03-20,La Paz,Arizona,,0,0,0.0,0.0
2020-03-21,La Paz,Arizona,,0,0,0.0,0.0
2020-03-22,La Paz,Arizona,,0,0,0.0,0.0
2020-03-23,La Paz,Arizona,,0,0,0.0,0.0
2020-03-24,La Paz,Arizona,,0,0,0.0,0.0
2020-03-25,La Paz,Arizona,,0,0,0.0,0.0
2020-03-26,La Paz,Arizona,4012.0,2,0,2.0,0.2857142857142857
2020-03-27,La Paz,Arizona,4012.0,2,0,0.0,0.2857142857142857
2020-03-28,La Paz,Arizona,4012.0,2,0,0.0,0.2857142857142857
2020-03-29,La Paz,Arizona,4012.0,2,0,0.0,0.2857142857142857
2020-03-30,La Paz,Arizona,4012.0,2,0,0.0,0.2857142857142857
2020-03-31,La Paz,Arizona,4012.0,2,0,0.0,0.2857142857142857
2020-04-01,La Paz,Arizona,4012.0,2,0,0.0,0.2857142857142857
2020-04-02,La Paz,Arizona,4012.0,2,0,0.0,0.0
2020-04-03,La Paz,Arizona,4012.0,2,0,0.0,0.0
2020-04-04,La Paz,Arizona,4012.0,2,0,0.0,0.0
2020-04-05,La Paz,Arizona,4012.0,3,0,1.0,0.14285714285714285
2020-04-06,La Paz,Arizona,4012.0,3,0,0.0,0.14285714285714285
2020-04-07,La Paz,Arizona,4012.0,3,0,0.0,0.14285714285714285
2020-04-08,La Paz,Arizona,4012.0,3,0,0.0,0.14285714285714285
2020-04-09,La Paz,Arizona,4012.0,4,0,1.0,0.2857142857142857
2020-04-10,La Paz,Arizona,4012.0,4,0,0.0,0.2857142857142857
2020-04-11,La Paz,Arizona,4012.0,4,0,0.0,0.2857142857142857
2020-04-12,La Paz,Arizona,4012.0,4,0,0.0,0.14285714285714285
2020-04-13,La Paz,Arizona,4012.0,4,0,0.0,0.14285714285714285
2020-04-14,La Paz,Arizona,4012.0,4,0,0.0,0.14285714285714285
2020-04-15,La Paz,Arizona,4012.0,5,1,1.0,0.2857142857142857
2020-04-16,La Paz,Arizona,4012.0,5,1,0.0,0.14285714285714285
2020-04-17,La Paz,Arizona,4012.0,5,1,0.0,0.14285714285714285
2020-04-18,La Paz,Arizona,4012.0,5,1,0.0,0.14285714285714285
2020-04-19,La Paz,Arizona,4012.0,5,1,0.0,0.14285714285714285
2020-04-20,La Paz,Arizona,4012.0,5,1,0.0,0.14285714285714285
2020-04-21,La Paz,Arizona,4012.0,6,1,1.0,0.2857142857142857
2020-04-22,La Paz,Arizona,4012.0,6,1,0.0,0.14285714285714285
2020-04-23,La Paz,Arizona,4012.0,6,1,0.0,0.14285714285714285
2020-04-24,La Paz,Arizona,4012.0,8,1,2.0,0.42857142857142855
2020-04-25,La Paz,Arizona,4012.0,7,1,0.0,0.42857142857142855
2020-04-26,La Paz,Arizona,4012.0,7,1,0.0,0.42857142857142855
2020-04-27,La Paz,Arizona,4012.0,7,1,0.0,0.42857142857142855
2020-04-28,La Paz,Arizona,4012.0,7,2,0.0,0.2857142857142857
2020-04-29,La Paz,Arizona,4012.0,8,2,1.0,0.42857142857142855
2020-04-30,La Paz,Arizona,4012.0,14,2,6.0,1.2857142857142858
2020-05-01,La Paz,Arizona,4012.0,15,2,1.0,1.1428571428571428
2020-05-02,La Paz,Arizona,4012.0,14,2,0.0,1.1428571428571428
2020-05-03,La Paz,Arizona,4012.0,14,2,0.0,1.1428571428571428
2020-05-04,La Paz,Arizona,4012.0,14,2,0.0,1.1428571428571428
2020-05-05,La Paz,Arizona,4012.0,16,2,2.0,1.4285714285714286
2020-05-06,La Paz,Arizona,4012.0,18,2,2.0,1.5714285714285714
2020-05-07,La Paz,Arizona,4012.0,20,2,2.0,1.0
2020-05-08,La Paz,Arizona,4012.0,22,2,2.0,1.1428571428571428
2020-05-09,La Paz,Arizona,4012.0,22,2,0.0,1.1428571428571428
2020-05-10,La Paz,Arizona,4012.0,23,2,1.0,1.2857142857142858
2020-05-11,La Paz,Arizona,4012.0,23,2,0.0,1.2857142857142858
2020-05-12,La Paz,Arizona,4012.0,22,2,0.0,1.0
2020-01-26,Maricopa,Arizona,4013.0,1,0,0.0,
2020-01-27,Maricopa,Arizona,4013.0,1,0,0.0,
2020-01-28,Maricopa,Arizona,4013.0,1,0,0.0,
2020-01-29,Maricopa,Arizona,4013.0,1,0,0.0,
2020-01-30,Maricopa,Arizona,4013.0,1,0,0.0,
2020-01-31,Maricopa,Arizona,4013.0,1,0,0.0,
2020-02-01,Maricopa,Arizona,4013.0,1,0,0.0,0.0
2020-02-02,Maricopa,Arizona,4013.0,1,0,0.0,0.0
2020-02-03,Maricopa,Arizona,4013.0,1,0,0.0,0.0
2020-02-04,Maricopa,Arizona,4013.0,1,0,0.0,0.0
2020-02-05,Maricopa,Arizona,4013.0,1,0,0.0,0.0
2020-02-06,Maricopa,Arizona,4013.0,1,0,0.0,0.0
2020-02-07,Maricopa,Arizona,4013.0,1,0,0.0,0.0
2020-02-08,Maricopa,Arizona,4013.0,1,0,0.0,0.0
2020-02-09,Maricopa,Arizona,4013.0,1,0,0.0,0.0
2020-02-10,Maricopa,Arizona,4013.0,1,0,0.0,0.0
2020-02-11,Maricopa,Arizona,4013.0,1,0,0.0,0.0
2020-02-12,Maricopa,Arizona,4013.0,1,0,0.0,0.0
2020-02-13,Maricopa,Arizona,4013.0,1,0,0.0,0.0
2020-02-14,Maricopa,Arizona,4013.0,1,0,0.0,0.0
2020-02-15,Maricopa,Arizona,4013.0,1,0,0.0,0.0
2020-02-16,Maricopa,Arizona,4013.0,1,0,0.0,0.0
2020-02-17,Maricopa,Arizona,4013.0,1,0,0.0,0.0
2020-02-18,Maricopa,Arizona,4013.0,1,0,0.0,0.0
2020-02-19,Maricopa,Arizona,4013.0,1,0,0.0,0.0
2020-02-20,Maricopa,Arizona,4013.0,1,0,0.0,0.0
2020-02-21,Maricopa,Arizona,4013.0,1,0,0.0,0.0
2020-02-22,Maricopa,Arizona,4013.0,1,0,0.0,0.0
2020-02-23,Maricopa,Arizona,4013.0,1,0,0.0,0.0
2020-02-24,Maricopa,Arizona,4013.0,1,0,0.0,0.0
2020-02-25,Maricopa,Arizona,4013.0,1,0,0.0,0.0
2020-02-26,Maricopa,Arizona,4013.0,1,0,0.0,0.0
2020-02-27,Maricopa,Arizona,4013.0,1,0,0.0,0.0
2020-02-28,Maricopa,Arizona,4013.0,1,0,0.0,0.0
2020-02-29,Maricopa,Arizona,4013.0,1,0,0.0,0.0
2020-03-01,Maricopa,Arizona,4013.0,1,0,0.0,0.0
2020-03-02,Maricopa,Arizona,4013.0,1,0,0.0,0.0
2020-03-03,Maricopa,Arizona,4013.0,2,0,1.0,0.14285714285714285
2020-03-04,Maricopa,Arizona,4013.0,2,0,0.0,0.14285714285714285
2020-03-05,Maricopa,Arizona,4013.0,2,0,0.0,0.14285714285714285
2020-03-06,Maricopa,Arizona,4013.0,2,0,0.0,0.14285714285714285
2020-03-07,Maricopa,Arizona,4013.0,2,0,0.0,0.14285714285714285
2020-03-08,Maricopa,Arizona,4013.0,2,0,0.0,0.14285714285714285
2020-03-09,Maricopa,Arizona,4013.0,2,0,0.0,0.14285714285714285
2020-03-10,Maricopa,Arizona,4013.0,2,0,0.0,0.0
2020-03-11,Maricopa,Arizona,4013.0,3,0,1.0,0.14285714285714285
2020-03-12,Maricopa,Arizona,4013.0,3,0,0.0,0.14285714285714285
2020-03-13,Maricopa,Arizona,4013.0,3,0,0.0,0.14285714285714285
2020-03-14,Maricopa,Arizona,4013.0,4,0,1.0,0.2857142857142857
2020-03-15,Maricopa,Arizona,4013.0,4,0,0.0,0.2857142857142857
2020-03-16,Maricopa,Arizona,4013.0,8,0,4.0,0.8571428571428571
2020-03-17,Maricopa,Arizona,4013.0,9,0,1.0,1.0
2020-03-18,Maricopa,Arizona,4013.0,11,0,2.0,1.1428571428571428
2020-03-19,Maricopa,Arizona,4013.0,22,0,11.0,2.7142857142857144
2020-03-20,Maricopa,Arizona,4013.0,34,1,12.0,4.428571428571429
2020-03-21,Maricopa,Arizona,4013.0,49,1,15.0,6.428571428571429
2020-03-22,Maricopa,Arizona,4013.0,81,2,32.0,11.0
2020-03-23,Maricopa,Arizona,4013.0,139,2,58.0,18.714285714285715
2020-03-24,Maricopa,Arizona,4013.0,199,2,60.0,27.142857142857142
2020-03-25,Maricopa,Arizona,4013.0,251,2,52.0,34.285714285714285
2020-03-26,Maricopa,Arizona,4013.0,299,4,48.0,39.57142857142857
2020-03-27,Maricopa,Arizona,4013.0,399,5,100.0,52.142857142857146
2020-03-28,Maricopa,Arizona,4013.0,454,5,55.0,57.857142857142854
2020-03-29,Maricopa,Arizona,4013.0,546,5,92.0,66.42857142857143
2020-03-30,Maricopa,Arizona,4013.0,690,5,144.0,78.71428571428571
2020-03-31,Maricopa,Arizona,4013.0,791,8,101.0,84.57142857142857
2020-04-01,Maricopa,Arizona,4013.0,871,8,80.0,88.57142857142857
2020-04-02,Maricopa,Arizona,4013.0,961,12,90.0,94.57142857142857
2020-04-03,Maricopa,Arizona,4013.0,1049,17,88.0,92.85714285714286
2020-04-04,Maricopa,Arizona,4013.0,1171,28,122.0,102.42857142857143
2020-04-05,Maricopa,Arizona,4013.0,1326,31,155.0,111.42857142857143
2020-04-06,Maricopa,Arizona,4013.0,1433,31,107.0,106.14285714285714
2020-04-07,Maricopa,Arizona,4013.0,1495,35,62.0,100.57142857142857
2020-04-08,Maricopa,Arizona,4013.0,1559,37,64.0,98.28571428571429
2020-04-09,Maricopa,Arizona,4013.0,1689,39,130.0,104.0
2020-04-10,Maricopa,Arizona,4013.0,1741,41,52.0,98.85714285714286
2020-04-11,Maricopa,Arizona,4013.0,1891,47,150.0,102.85714285714286
2020-04-12,Maricopa,Arizona,4013.0,1960,48,69.0,90.57142857142857
2020-04-13,Maricopa,Arizona,4013.0,2020,52,60.0,83.85714285714286
2020-04-14,Maricopa,Arizona,4013.0,2056,54,36.0,80.14285714285714
2020-04-15,Maricopa,Arizona,4013.0,2146,60,90.0,83.85714285714286
2020-04-16,Maricopa,Arizona,4013.0,2264,64,118.0,82.14285714285714
2020-04-17,Maricopa,Arizona,4013.0,2404,69,140.0,94.71428571428571
2020-04-18,Maricopa,Arizona,4013.0,2491,70,87.0,85.71428571428571
2020-04-19,Maricopa,Arizona,4013.0,2589,75,98.0,89.85714285714286
2020-04-20,Maricopa,Arizona,4013.0,2636,75,47.0,88.0
2020-04-21,Maricopa,Arizona,4013.0,2738,84,102.0,97.42857142857143
2020-04-22,Maricopa,Arizona,4013.0,2846,97,108.0,100.0
2020-04-23,Maricopa,Arizona,4013.0,2970,115,124.0,100.85714285714286
2020-04-24,Maricopa,Arizona,4013.0,3116,120,146.0,101.71428571428571
2020-04-25,Maricopa,Arizona,4013.0,3234,121,118.0,106.14285714285714
2020-04-26,Maricopa,Arizona,4013.0,3359,122,125.0,110.0
2020-04-27,Maricopa,Arizona,4013.0,3457,122,98.0,117.28571428571429
2020-04-28,Maricopa,Arizona,4013.0,3578,137,121.0,120.0
2020-04-29,Maricopa,Arizona,4013.0,3723,140,145.0,125.28571428571429
2020-04-30,Maricopa,Arizona,4013.0,3972,145,249.0,143.14285714285714
2020-05-01,Maricopa,Arizona,4013.0,4156,147,184.0,148.57142857142858
2020-05-02,Maricopa,Arizona,4013.0,4421,159,265.0,169.57142857142858
2020-05-03,Maricopa,Arizona,4013.0,4585,168,164.0,175.14285714285714
2020-05-04,Maricopa,Arizona,4013.0,4751,168,166.0,184.85714285714286
2020-05-05,Maricopa,Arizona,4013.0,4929,175,178.0,193.0
2020-05-06,Maricopa,Arizona,4013.0,5138,186,209.0,202.14285714285714
2020-05-07,Maricopa,Arizona,4013.0,5196,204,58.0,174.85714285714286
2020-05-08,Maricopa,Arizona,4013.0,5525,238,329.0,195.57142857142858
2020-05-09,Maricopa,Arizona,4013.0,5779,245,254.0,194.0
2020-05-10,Maricopa,Arizona,4013.0,5827,247,48.0,177.42857142857142
2020-05-11,Maricopa,Arizona,4013.0,5988,250,161.0,176.71428571428572
2020-05-12,Maricopa,Arizona,4013.0,6219,259,231.0,184.28571428571428
2020-01-26,Mohave,Arizona,,0,0,0.0,
2020-01-27,Mohave,Arizona,,0,0,0.0,
2020-01-28,Mohave,Arizona,,0,0,0.0,
2020-01-29,Mohave,Arizona,,0,0,0.0,
2020-01-30,Mohave,Arizona,,0,0,0.0,
2020-01-31,Mohave,Arizona,,0,0,0.0,
2020-02-01,Mohave,Arizona,,0,0,0.0,0.0
2020-02-02,Mohave,Arizona,,0,0,0.0,0.0
2020-02-03,Mohave,Arizona,,0,0,0.0,0.0
2020-02-04,Mohave,Arizona,,0,0,0.0,0.0
2020-02-05,Mohave,Arizona,,0,0,0.0,0.0
2020-02-06,Mohave,Arizona,,0,0,0.0,0.0
2020-02-07,Mohave,Arizona,,0,0,0.0,0.0
2020-02-08,Mohave,Arizona,,0,0,0.0,0.0
2020-02-09,Mohave,Arizona,,0,0,0.0,0.0
2020-02-10,Mohave,Arizona,,0,0,0.0,0.0
2020-02-11,Mohave,Arizona,,0,0,0.0,0.0
2020-02-12,Mohave,Arizona,,0,0,0.0,0.0
2020-02-13,Mohave,Arizona,,0,0,0.0,0.0
2020-02-14,Mohave,Arizona,,0,0,0.0,0.0
2020-02-15,Mohave,Arizona,,0,0,0.0,0.0
2020-02-16,Mohave,Arizona,,0,0,0.0,0.0
2020-02-17,Mohave,Arizona,,0,0,0.0,0.0
2020-02-18,Mohave,Arizona,,0,0,0.0,0.0
2020-02-19,Mohave,Arizona,,0,0,0.0,0.0
2020-02-20,Mohave,Arizona,,0,0,0.0,0.0
2020-02-21,Mohave,Arizona,,0,0,0.0,0.0
2020-02-22,Mohave,Arizona,,0,0,0.0,0.0
2020-02-23,Mohave,Arizona,,0,0,0.0,0.0
2020-02-24,Mohave,Arizona,,0,0,0.0,0.0
2020-02-25,Mohave,Arizona,,0,0,0.0,0.0
2020-02-26,Mohave,Arizona,,0,0,0.0,0.0
2020-02-27,Mohave,Arizona,,0,0,0.0,0.0
2020-02-28,Mohave,Arizona,,0,0,0.0,0.0
2020-02-29,Mohave,Arizona,,0,0,0.0,0.0
2020-03-01,Mohave,Arizona,,0,0,0.0,0.0
2020-03-02,Mohave,Arizona,,0,0,0.0,0.0
2020-03-03,Mohave,Arizona,,0,0,0.0,0.0
2020-03-04,Mohave,Arizona,,0,0,0.0,0.0
2020-03-05,Mohave,Arizona,,0,0,0.0,0.0
2020-03-06,Mohave,Arizona,,0,0,0.0,0.0
2020-03-07,Mohave,Arizona,,0,0,0.0,0.0
2020-03-08,Mohave,Arizona,,0,0,0.0,0.0
2020-03-09,Mohave,Arizona,,0,0,0.0,0.0
2020-03-10,Mohave,Arizona,,0,0,0.0,0.0
2020-03-11,Mohave,Arizona,,0,0,0.0,0.0
2020-03-12,Mohave,Arizona,,0,0,0.0,0.0
2020-03-13,Mohave,Arizona,,0,0,0.0,0.0
2020-03-14,Mohave,Arizona,,0,0,0.0,0.0
2020-03-15,Mohave,Arizona,,0,0,0.0,0.0
2020-03-16,Mohave,Arizona,,0,0,0.0,0.0
2020-03-17,Mohave,Arizona,,0,0,0.0,0.0
2020-03-18,Mohave,Arizona,,0,0,0.0,0.0
2020-03-19,Mohave,Arizona,,0,0,0.0,0.0
2020-03-20,Mohave,Arizona,,0,0,0.0,0.0
2020-03-21,Mohave,Arizona,,0,0,0.0,0.0
2020-03-22,Mohave,Arizona,,0,0,0.0,0.0
2020-03-23,Mohave,Arizona,,0,0,0.0,0.0
2020-03-24,Mohave,Arizona,,0,0,0.0,0.0
2020-03-25,Mohave,Arizona,,0,0,0.0,0.0
2020-03-26,Mohave,Arizona,4015.0,2,0,2.0,0.2857142857142857
2020-03-27,Mohave,Arizona,4015.0,4,0,2.0,0.5714285714285714
2020-03-28,Mohave,Arizona,4015.0,5,0,1.0,0.7142857142857143
2020-03-29,Mohave,Arizona,4015.0,6,0,1.0,0.8571428571428571
2020-03-30,Mohave,Arizona,4015.0,7,0,1.0,1.0
2020-03-31,Mohave,Arizona,4015.0,7,0,0.0,1.0
2020-04-01,Mohave,Arizona,4015.0,7,0,0.0,1.0
2020-04-02,Mohave,Arizona,4015.0,8,0,1.0,0.8571428571428571
2020-04-03,Mohave,Arizona,4015.0,9,0,1.0,0.7142857142857143
2020-04-04,Mohave,Arizona,4015.0,12,0,3.0,1.0
2020-04-05,Mohave,Arizona,4015.0,16,1,4.0,1.4285714285714286
2020-04-06,Mohave,Arizona,4015.0,21,1,5.0,2.0
2020-04-07,Mohave,Arizona,4015.0,23,1,2.0,2.2857142857142856
2020-04-08,Mohave,Arizona,4015.0,23,1,0.0,2.2857142857142856
2020-04-09,Mohave,Arizona,4015.0,27,1,4.0,2.7142857142857144
2020-04-10,Mohave,Arizona,4015.0,28,2,1.0,2.7142857142857144
2020-04-11,Mohave,Arizona,4015.0,30,2,2.0,2.5714285714285716
2020-04-12,Mohave,Arizona,4015.0,30,2,0.0,2.0
2020-04-13,Mohave,Arizona,4015.0,40,2,10.0,2.7142857142857144
2020-04-14,Mohave,Arizona,4015.0,45,2,5.0,3.142857142857143
2020-04-15,Mohave,Arizona,4015.0,45,2,0.0,3.142857142857143
2020-04-16,Mohave,Arizona,4015.0,51,2,6.0,3.4285714285714284
2020-04-17,Mohave,Arizona,4015.0,51,2,0.0,3.2857142857142856
2020-04-18,Mohave,Arizona,4015.0,52,2,1.0,3.142857142857143
2020-04-19,Mohave,Arizona,4015.0,54,2,2.0,3.4285714285714284
2020-04-20,Mohave,Arizona,4015.0,56,3,2.0,2.2857142857142856
2020-04-21,Mohave,Arizona,4015.0,59,3,3.0,2.0
2020-04-22,Mohave,Arizona,4015.0,62,3,3.0,2.4285714285714284
2020-04-23,Mohave,Arizona,4015.0,69,3,7.0,2.5714285714285716
2020-04-24,Mohave,Arizona,4015.0,73,3,4.0,3.142857142857143
2020-04-25,Mohave,Arizona,4015.0,81,3,8.0,4.142857142857143
2020-04-26,Mohave,Arizona,4015.0,88,4,7.0,4.857142857142857
2020-04-27,Mohave,Arizona,4015.0,96,4,8.0,5.714285714285714
2020-04-28,Mohave,Arizona,4015.0,99,4,3.0,5.714285714285714
2020-04-29,Mohave,Arizona,4015.0,105,7,6.0,6.142857142857143
2020-04-30,Mohave,Arizona,4015.0,117,10,12.0,6.857142857142857
2020-05-01,Mohave,Arizona,4015.0,122,13,5.0,7.0
2020-05-02,Mohave,Arizona,4015.0,127,15,5.0,6.571428571428571
2020-05-03,Mohave,Arizona,4015.0,135,15,8.0,6.714285714285714
2020-05-04,Mohave,Arizona,4015.0,141,15,6.0,6.428571428571429
2020-05-05,Mohave,Arizona,4015.0,147,16,6.0,6.857142857142857
2020-05-06,Mohave,Arizona,4015.0,150,17,3.0,6.428571428571429
2020-05-07,Mohave,Arizona,4015.0,158,19,8.0,5.857142857142857
2020-05-08,Mohave,Arizona,4015.0,171,20,13.0,7.0
2020-05-09,Mohave,Arizona,4015.0,178,23,7.0,7.285714285714286
2020-05-10,Mohave,Arizona,4015.0,193,24,15.0,8.285714285714286
2020-05-11,Mohave,Arizona,4015.0,198,25,5.0,8.142857142857142
2020-05-12,Mohave,Arizona,4015.0,207,26,9.0,8.571428571428571
2020-01-26,Navajo,Arizona,,0,0,0.0,
2020-01-27,Navajo,Arizona,,0,0,0.0,
2020-01-28,Navajo,Arizona,,0,0,0.0,
2020-01-29,Navajo,Arizona,,0,0,0.0,
2020-01-30,Navajo,Arizona,,0,0,0.0,
2020-01-31,Navajo,Arizona,,0,0,0.0,
2020-02-01,Navajo,Arizona,,0,0,0.0,0.0
2020-02-02,Navajo,Arizona,,0,0,0.0,0.0
2020-02-03,Navajo,Arizona,,0,0,0.0,0.0
2020-02-04,Navajo,Arizona,,0,0,0.0,0.0
2020-02-05,Navajo,Arizona,,0,0,0.0,0.0
2020-02-06,Navajo,Arizona,,0,0,0.0,0.0
2020-02-07,Navajo,Arizona,,0,0,0.0,0.0
2020-02-08,Navajo,Arizona,,0,0,0.0,0.0
2020-02-09,Navajo,Arizona,,0,0,0.0,0.0
2020-02-10,Navajo,Arizona,,0,0,0.0,0.0
2020-02-11,Navajo,Arizona,,0,0,0.0,0.0
2020-02-12,Navajo,Arizona,,0,0,0.0,0.0
2020-02-13,Navajo,Arizona,,0,0,0.0,0.0
2020-02-14,Navajo,Arizona,,0,0,0.0,0.0
2020-02-15,Navajo,Arizona,,0,0,0.0,0.0
2020-02-16,Navajo,Arizona,,0,0,0.0,0.0
2020-02-17,Navajo,Arizona,,0,0,0.0,0.0
2020-02-18,Navajo,Arizona,,0,0,0.0,0.0
2020-02-19,Navajo,Arizona,,0,0,0.0,0.0
2020-02-20,Navajo,Arizona,,0,0,0.0,0.0
2020-02-21,Navajo,Arizona,,0,0,0.0,0.0
2020-02-22,Navajo,Arizona,,0,0,0.0,0.0
2020-02-23,Navajo,Arizona,,0,0,0.0,0.0
2020-02-24,Navajo,Arizona,,0,0,0.0,0.0
2020-02-25,Navajo,Arizona,,0,0,0.0,0.0
2020-02-26,Navajo,Arizona,,0,0,0.0,0.0
2020-02-27,Navajo,Arizona,,0,0,0.0,0.0
2020-02-28,Navajo,Arizona,,0,0,0.0,0.0
2020-02-29,Navajo,Arizona,,0,0,0.0,0.0
2020-03-01,Navajo,Arizona,,0,0,0.0,0.0
2020-03-02,Navajo,Arizona,,0,0,0.0,0.0
2020-03-03,Navajo,Arizona,,0,0,0.0,0.0
2020-03-04,Navajo,Arizona,,0,0,0.0,0.0
2020-03-05,Navajo,Arizona,,0,0,0.0,0.0
2020-03-06,Navajo,Arizona,,0,0,0.0,0.0
2020-03-07,Navajo,Arizona,,0,0,0.0,0.0
2020-03-08,Navajo,Arizona,,0,0,0.0,0.0
2020-03-09,Navajo,Arizona,,0,0,0.0,0.0
2020-03-10,Navajo,Arizona,,0,0,0.0,0.0
2020-03-11,Navajo,Arizona,,0,0,0.0,0.0
2020-03-12,Navajo,Arizona,,0,0,0.0,0.0
2020-03-13,Navajo,Arizona,,0,0,0.0,0.0
2020-03-14,Navajo,Arizona,,0,0,0.0,0.0
2020-03-15,Navajo,Arizona,,0,0,0.0,0.0
2020-03-16,Navajo,Arizona,,0,0,0.0,0.0
2020-03-17,Navajo,Arizona,4017.0,1,0,1.0,0.14285714285714285
2020-03-18,Navajo,Arizona,4017.0,2,0,1.0,0.2857142857142857
2020-03-19,Navajo,Arizona,4017.0,3,0,1.0,0.42857142857142855
2020-03-20,Navajo,Arizona,4017.0,3,0,0.0,0.42857142857142855
2020-03-21,Navajo,Arizona,4017.0,10,0,7.0,1.4285714285714286
2020-03-22,Navajo,Arizona,4017.0,13,0,3.0,1.8571428571428572
2020-03-23,Navajo,Arizona,4017.0,25,0,12.0,3.5714285714285716
2020-03-24,Navajo,Arizona,4017.0,32,0,7.0,4.428571428571429
2020-03-25,Navajo,Arizona,4017.0,37,0,5.0,5.0
2020-03-26,Navajo,Arizona,4017.0,43,0,6.0,5.714285714285714
2020-03-27,Navajo,Arizona,4017.0,49,0,6.0,6.571428571428571
2020-03-28,Navajo,Arizona,4017.0,57,0,8.0,6.714285714285714
2020-03-29,Navajo,Arizona,4017.0,62,0,5.0,7.0
2020-03-30,Navajo,Arizona,4017.0,88,0,26.0,9.0
2020-03-31,Navajo,Arizona,4017.0,91,0,3.0,8.428571428571429
2020-04-01,Navajo,Arizona,4017.0,102,0,11.0,9.285714285714286
2020-04-02,Navajo,Arizona,4017.0,129,1,27.0,12.285714285714286
2020-04-03,Navajo,Arizona,4017.0,148,1,19.0,14.142857142857142
2020-04-04,Navajo,Arizona,4017.0,177,1,29.0,17.142857142857142
2020-04-05,Navajo,Arizona,4017.0,195,1,18.0,19.0
2020-04-06,Navajo,Arizona,4017.0,210,1,15.0,17.428571428571427
2020-04-07,Navajo,Arizona,4017.0,222,1,12.0,18.714285714285715
2020-04-08,Navajo,Arizona,4017.0,240,7,18.0,19.714285714285715
2020-04-09,Navajo,Arizona,4017.0,286,7,46.0,22.428571428571427
2020-04-10,Navajo,Arizona,4017.0,287,7,1.0,19.857142857142858
2020-04-11,Navajo,Arizona,4017.0,321,7,34.0,20.571428571428573
2020-04-12,Navajo,Arizona,4017.0,335,8,14.0,20.0
2020-04-13,Navajo,Arizona,4017.0,345,8,10.0,19.285714285714285
2020-04-14,Navajo,Arizona,4017.0,355,9,10.0,19.0
2020-04-15,Navajo,Arizona,4017.0,390,10,35.0,21.428571428571427
2020-04-16,Navajo,Arizona,4017.0,410,11,20.0,17.714285714285715
2020-04-17,Navajo,Arizona,4017.0,435,11,25.0,21.142857142857142
2020-04-18,Navajo,Arizona,4017.0,452,11,17.0,18.714285714285715
2020-04-19,Navajo,Arizona,4017.0,459,11,7.0,17.714285714285715
2020-04-20,Navajo,Arizona,4017.0,473,11,14.0,18.285714285714285
2020-04-21,Navajo,Arizona,4017.0,485,11,12.0,18.571428571428573
2020-04-22,Navajo,Arizona,4017.0,527,12,42.0,19.571428571428573
2020-04-23,Navajo,Arizona,4017.0,564,13,37.0,22.0
2020-04-24,Navajo,Arizona,4017.0,583,18,19.0,21.142857142857142
2020-04-25,Navajo,Arizona,4017.0,612,18,29.0,22.857142857142858
2020-04-26,Navajo,Arizona,4017.0,625,18,13.0,23.714285714285715
2020-04-27,Navajo,Arizona,4017.0,628,18,3.0,22.142857142857142
2020-04-28,Navajo,Arizona,4017.0,665,18,37.0,25.714285714285715
2020-04-29,Navajo,Arizona,4017.0,682,18,17.0,22.142857142857142
2020-04-30,Navajo,Arizona,4017.0,712,21,30.0,21.142857142857142
2020-05-01,Navajo,Arizona,4017.0,741,21,29.0,22.571428571428573
2020-05-02,Navajo,Arizona,4017.0,766,22,25.0,22.0
2020-05-03,Navajo,Arizona,4017.0,777,22,11.0,21.714285714285715
2020-05-04,Navajo,Arizona,4017.0,800,22,23.0,24.571428571428573
2020-05-05,Navajo,Arizona,4017.0,869,26,69.0,29.142857142857142
2020-05-06,Navajo,Arizona,4017.0,892,31,23.0,30.0
2020-05-07,Navajo,Arizona,4017.0,912,32,20.0,28.571428571428573
2020-05-08,Navajo,Arizona,4017.0,945,35,33.0,29.142857142857142
2020-05-09,Navajo,Arizona,4017.0,981,36,36.0,30.714285714285715
2020-05-10,Navajo,Arizona,4017.0,983,36,2.0,29.428571428571427
2020-05-11,Navajo,Arizona,4017.0,1006,37,23.0,29.428571428571427
2020-05-12,Navajo,Arizona,4017.0,1017,41,11.0,21.142857142857142
2020-01-26,Pima,Arizona,,0,0,0.0,
2020-01-27,Pima,Arizona,,0,0,0.0,
2020-01-28,Pima,Arizona,,0,0,0.0,
2020-01-29,Pima,Arizona,,0,0,0.0,
2020-01-30,Pima,Arizona,,0,0,0.0,
2020-01-31,Pima,Arizona,,0,0,0.0,
2020-02-01,Pima,Arizona,,0,0,0.0,0.0
2020-02-02,Pima,Arizona,,0,0,0.0,0.0
2020-02-03,Pima,Arizona,,0,0,0.0,0.0
2020-02-04,Pima,Arizona,,0,0,0.0,0.0
2020-02-05,Pima,Arizona,,0,0,0.0,0.0
2020-02-06,Pima,Arizona,,0,0,0.0,0.0
2020-02-07,Pima,Arizona,,0,0,0.0,0.0
2020-02-08,Pima,Arizona,,0,0,0.0,0.0
2020-02-09,Pima,Arizona,,0,0,0.0,0.0
2020-02-10,Pima,Arizona,,0,0,0.0,0.0
2020-02-11,Pima,Arizona,,0,0,0.0,0.0
2020-02-12,Pima,Arizona,,0,0,0.0,0.0
2020-02-13,Pima,Arizona,,0,0,0.0,0.0
2020-02-14,Pima,Arizona,,0,0,0.0,0.0
2020-02-15,Pima,Arizona,,0,0,0.0,0.0
2020-02-16,Pima,Arizona,,0,0,0.0,0.0
2020-02-17,Pima,Arizona,,0,0,0.0,0.0
2020-02-18,Pima,Arizona,,0,0,0.0,0.0
2020-02-19,Pima,Arizona,,0,0,0.0,0.0
2020-02-20,Pima,Arizona,,0,0,0.0,0.0
2020-02-21,Pima,Arizona,,0,0,0.0,0.0
2020-02-22,Pima,Arizona,,0,0,0.0,0.0
2020-02-23,Pima,Arizona,,0,0,0.0,0.0
2020-02-24,Pima,Arizona,,0,0,0.0,0.0
2020-02-25,Pima,Arizona,,0,0,0.0,0.0
2020-02-26,Pima,Arizona,,0,0,0.0,0.0
2020-02-27,Pima,Arizona,,0,0,0.0,0.0
2020-02-28,Pima,Arizona,,0,0,0.0,0.0
2020-02-29,Pima,Arizona,,0,0,0.0,0.0
2020-03-01,Pima,Arizona,,0,0,0.0,0.0
2020-03-02,Pima,Arizona,,0,0,0.0,0.0
2020-03-03,Pima,Arizona,,0,0,0.0,0.0
2020-03-04,Pima,Arizona,,0,0,0.0,0.0
2020-03-05,Pima,Arizona,,0,0,0.0,0.0
2020-03-06,Pima,Arizona,,0,0,0.0,0.0
2020-03-07,Pima,Arizona,,0,0,0.0,0.0
2020-03-08,Pima,Arizona,,0,0,0.0,0.0
2020-03-09,Pima,Arizona,4019.0,1,0,1.0,0.14285714285714285
2020-03-10,Pima,Arizona,4019.0,1,0,0.0,0.14285714285714285
2020-03-11,Pima,Arizona,4019.0,1,0,0.0,0.14285714285714285
2020-03-12,Pima,Arizona,4019.0,1,0,0.0,0.14285714285714285
2020-03-13,Pima,Arizona,4019.0,1,0,0.0,0.14285714285714285
2020-03-14,Pima,Arizona,4019.0,2,0,1.0,0.2857142857142857
2020-03-15,Pima,Arizona,4019.0,3,0,1.0,0.42857142857142855
2020-03-16,Pima,Arizona,4019.0,4,0,1.0,0.42857142857142855
2020-03-17,Pima,Arizona,4019.0,4,0,0.0,0.42857142857142855
2020-03-18,Pima,Arizona,4019.0,5,0,1.0,0.5714285714285714
2020-03-19,Pima,Arizona,4019.0,7,0,2.0,0.8571428571428571
2020-03-20,Pima,Arizona,4019.0,8,0,1.0,1.0
2020-03-21,Pima,Arizona,4019.0,12,0,4.0,1.4285714285714286
2020-03-22,Pima,Arizona,4019.0,17,0,5.0,2.0
2020-03-23,Pima,Arizona,4019.0,24,0,7.0,2.857142857142857
2020-03-24,Pima,Arizona,4019.0,42,0,18.0,5.428571428571429
2020-03-25,Pima,Arizona,4019.0,49,0,7.0,6.285714285714286
2020-03-26,Pima,Arizona,4019.0,75,0,26.0,9.714285714285714
2020-03-27,Pima,Arizona,4019.0,102,4,27.0,13.428571428571429
2020-03-28,Pima,Arizona,4019.0,120,5,18.0,15.428571428571429
2020-03-29,Pima,Arizona,4019.0,153,6,33.0,19.428571428571427
2020-03-30,Pima,Arizona,4019.0,187,6,34.0,23.285714285714285
2020-03-31,Pima,Arizona,4019.0,202,6,15.0,22.857142857142858
2020-04-01,Pima,Arizona,4019.0,217,10,15.0,24.0
2020-04-02,Pima,Arizona,4019.0,237,11,20.0,23.142857142857142
2020-04-03,Pima,Arizona,4019.0,280,11,43.0,25.428571428571427
2020-04-04,Pima,Arizona,4019.0,326,12,46.0,29.428571428571427
2020-04-05,Pima,Arizona,4019.0,372,12,46.0,31.285714285714285
2020-04-06,Pima,Arizona,4019.0,415,13,43.0,32.57142857142857
2020-04-07,Pima,Arizona,4019.0,415,13,0.0,30.428571428571427
2020-04-08,Pima,Arizona,4019.0,464,16,49.0,35.285714285714285
2020-04-09,Pima,Arizona,4019.0,512,20,48.0,39.285714285714285
2020-04-10,Pima,Arizona,4019.0,543,20,31.0,37.57142857142857
2020-04-11,Pima,Arizona,4019.0,591,29,48.0,37.857142857142854
2020-04-12,Pima,Arizona,4019.0,622,29,31.0,35.714285714285715
2020-04-13,Pima,Arizona,4019.0,668,29,46.0,36.142857142857146
2020-04-14,Pima,Arizona,4019.0,685,32,17.0,38.57142857142857
2020-04-15,Pima,Arizona,4019.0,700,34,15.0,33.714285714285715
2020-04-16,Pima,Arizona,4019.0,760,37,60.0,35.42857142857143
2020-04-17,Pima,Arizona,4019.0,819,51,59.0,39.42857142857143
2020-04-18,Pima,Arizona,4019.0,856,56,37.0,37.857142857142854
2020-04-19,Pima,Arizona,4019.0,913,56,57.0,41.57142857142857
2020-04-20,Pima,Arizona,4019.0,941,58,28.0,39.0
2020-04-21,Pima,Arizona,4019.0,963,65,22.0,39.714285714285715
2020-04-22,Pima,Arizona,4019.0,973,68,10.0,39.0
2020-04-23,Pima,Arizona,4019.0,1026,70,53.0,38.0
2020-04-24,Pima,Arizona,4019.0,1060,74,34.0,34.42857142857143
2020-04-25,Pima,Arizona,4019.0,1090,76,30.0,33.42857142857143
2020-04-26,Pima,Arizona,4019.0,1136,76,46.0,31.857142857142858
2020-04-27,Pima,Arizona,4019.0,1164,76,28.0,31.857142857142858
2020-04-28,Pima,Arizona,4019.0,1188,78,24.0,32.142857142857146
2020-04-29,Pima,Arizona,4019.0,1215,80,27.0,34.57142857142857
2020-04-30,Pima,Arizona,4019.0,1241,80,26.0,30.714285714285715
2020-05-01,Pima,Arizona,4019.0,1267,81,26.0,29.571428571428573
2020-05-02,Pima,Arizona,4019.0,1300,89,33.0,30.0
2020-05-03,Pima,Arizona,4019.0,1326,89,26.0,27.142857142857142
2020-05-04,Pima,Arizona,4019.0,1346,89,20.0,26.0
2020-05-05,Pima,Arizona,4019.0,1379,105,33.0,27.285714285714285
2020-05-06,Pima,Arizona,4019.0,1425,116,46.0,30.0
2020-05-07,Pima,Arizona,4019.0,1465,118,40.0,32.0
2020-05-08,Pima,Arizona,4019.0,1520,131,55.0,36.142857142857146
2020-05-09,Pima,Arizona,4019.0,1554,133,34.0,36.285714285714285
2020-05-10,Pima,Arizona,4019.0,1585,134,31.0,37.0
2020-05-11,Pima,Arizona,4019.0,1602,134,17.0,36.57142857142857
2020-05-12,Pima,Arizona,4019.0,1623,136,21.0,34.857142857142854
2020-01-26,Pinal,Arizona,,0,0,0.0,
2020-01-27,Pinal,Arizona,,0,0,0.0,
2020-01-28,Pinal,Arizona,,0,0,0.0,
2020-01-29,Pinal,Arizona,,0,0,0.0,
2020-01-30,Pinal,Arizona,,0,0,0.0,
2020-01-31,Pinal,Arizona,,0,0,0.0,
2020-02-01,Pinal,Arizona,,0,0,0.0,0.0
2020-02-02,Pinal,Arizona,,0,0,0.0,0.0
2020-02-03,Pinal,Arizona,,0,0,0.0,0.0
2020-02-04,Pinal,Arizona,,0,0,0.0,0.0
2020-02-05,Pinal,Arizona,,0,0,0.0,0.0
2020-02-06,Pinal,Arizona,,0,0,0.0,0.0
2020-02-07,Pinal,Arizona,,0,0,0.0,0.0
2020-02-08,Pinal,Arizona,,0,0,0.0,0.0
2020-02-09,Pinal,Arizona,,0,0,0.0,0.0
2020-02-10,Pinal,Arizona,,0,0,0.0,0.0
2020-02-11,Pinal,Arizona,,0,0,0.0,0.0
2020-02-12,Pinal,Arizona,,0,0,0.0,0.0
2020-02-13,Pinal,Arizona,,0,0,0.0,0.0
2020-02-14,Pinal,Arizona,,0,0,0.0,0.0
2020-02-15,Pinal,Arizona,,0,0,0.0,0.0
2020-02-16,Pinal,Arizona,,0,0,0.0,0.0
2020-02-17,Pinal,Arizona,,0,0,0.0,0.0
2020-02-18,Pinal,Arizona,,0,0,0.0,0.0
2020-02-19,Pinal,Arizona,,0,0,0.0,0.0
2020-02-20,Pinal,Arizona,,0,0,0.0,0.0
2020-02-21,Pinal,Arizona,,0,0,0.0,0.0
2020-02-22,Pinal,Arizona,,0,0,0.0,0.0
2020-02-23,Pinal,Arizona,,0,0,0.0,0.0
2020-02-24,Pinal,Arizona,,0,0,0.0,0.0
2020-02-25,Pinal,Arizona,,0,0,0.0,0.0
2020-02-26,Pinal,Arizona,,0,0,0.0,0.0
2020-02-27,Pinal,Arizona,,0,0,0.0,0.0
2020-02-28,Pinal,Arizona,,0,0,0.0,0.0
2020-02-29,Pinal,Arizona,,0,0,0.0,0.0
2020-03-01,Pinal,Arizona,,0,0,0.0,0.0
2020-03-02,Pinal,Arizona,,0,0,0.0,0.0
2020-03-03,Pinal,Arizona,,0,0,0.0,0.0
2020-03-04,Pinal,Arizona,,0,0,0.0,0.0
2020-03-05,Pinal,Arizona,,0,0,0.0,0.0
2020-03-06,Pinal,Arizona,4021.0,1,0,1.0,0.14285714285714285
2020-03-07,Pinal,Arizona,4021.0,3,0,2.0,0.42857142857142855
2020-03-08,Pinal,Arizona,4021.0,3,0,0.0,0.42857142857142855
2020-03-09,Pinal,Arizona,4021.0,3,0,0.0,0.42857142857142855
2020-03-10,Pinal,Arizona,4021.0,3,0,0.0,0.42857142857142855
2020-03-11,Pinal,Arizona,4021.0,5,0,2.0,0.7142857142857143
2020-03-12,Pinal,Arizona,4021.0,5,0,0.0,0.7142857142857143
2020-03-13,Pinal,Arizona,4021.0,5,0,0.0,0.5714285714285714
2020-03-14,Pinal,Arizona,4021.0,5,0,0.0,0.2857142857142857
2020-03-15,Pinal,Arizona,4021.0,5,0,0.0,0.2857142857142857
2020-03-16,Pinal,Arizona,4021.0,5,0,0.0,0.2857142857142857
2020-03-17,Pinal,Arizona,4021.0,5,0,0.0,0.2857142857142857
2020-03-18,Pinal,Arizona,4021.0,8,0,3.0,0.42857142857142855
2020-03-19,Pinal,Arizona,4021.0,10,0,2.0,0.7142857142857143
2020-03-20,Pinal,Arizona,4021.0,10,0,0.0,0.7142857142857143
2020-03-21,Pinal,Arizona,4021.0,14,0,4.0,1.2857142857142858
2020-03-22,Pinal,Arizona,4021.0,16,0,2.0,1.5714285714285714
2020-03-23,Pinal,Arizona,4021.0,17,0,1.0,1.7142857142857142
2020-03-24,Pinal,Arizona,4021.0,22,0,5.0,2.4285714285714284
2020-03-25,Pinal,Arizona,4021.0,23,0,1.0,2.142857142857143
2020-03-26,Pinal,Arizona,4021.0,35,0,12.0,3.5714285714285716
2020-03-27,Pinal,Arizona,4021.0,36,0,1.0,3.7142857142857144
2020-03-28,Pinal,Arizona,4021.0,41,0,5.0,3.857142857142857
2020-03-29,Pinal,Arizona,4021.0,51,0,10.0,5.0
2020-03-30,Pinal,Arizona,4021.0,64,0,13.0,6.714285714285714
2020-03-31,Pinal,Arizona,4021.0,62,0,0.0,6.0
2020-04-01,Pinal,Arizona,4021.0,65,0,3.0,6.285714285714286
2020-04-02,Pinal,Arizona,4021.0,69,0,4.0,5.142857142857143
2020-04-03,Pinal,Arizona,4021.0,77,0,8.0,6.142857142857143
2020-04-04,Pinal,Arizona,4021.0,89,0,12.0,7.142857142857143
2020-04-05,Pinal,Arizona,4021.0,103,0,14.0,7.714285714285714
2020-04-06,Pinal,Arizona,4021.0,107,0,4.0,6.428571428571429
2020-04-07,Pinal,Arizona,4021.0,120,0,13.0,8.285714285714286
2020-04-08,Pinal,Arizona,4021.0,124,0,4.0,8.428571428571429
2020-04-09,Pinal,Arizona,4021.0,137,3,13.0,9.714285714285714
2020-04-10,Pinal,Arizona,4021.0,138,3,1.0,8.714285714285714
2020-04-11,Pinal,Arizona,4021.0,146,3,8.0,8.142857142857142
2020-04-12,Pinal,Arizona,4021.0,163,4,17.0,8.571428571428571
2020-04-13,Pinal,Arizona,4021.0,168,4,5.0,8.714285714285714
2020-04-14,Pinal,Arizona,4021.0,175,5,7.0,7.857142857142857
2020-04-15,Pinal,Arizona,4021.0,182,5,7.0,8.285714285714286
2020-04-16,Pinal,Arizona,4021.0,197,5,15.0,8.571428571428571
2020-04-17,Pinal,Arizona,4021.0,212,5,15.0,10.571428571428571
2020-04-18,Pinal,Arizona,4021.0,235,6,23.0,12.714285714285714
2020-04-19,Pinal,Arizona,4021.0,247,7,12.0,12.0
2020-04-20,Pinal,Arizona,4021.0,256,7,9.0,12.571428571428571
2020-04-21,Pinal,Arizona,4021.0,268,7,12.0,13.285714285714286
2020-04-22,Pinal,Arizona,4021.0,283,8,15.0,14.428571428571429
2020-04-23,Pinal,Arizona,4021.0,303,8,20.0,15.142857142857142
2020-04-24,Pinal,Arizona,4021.0,317,9,14.0,15.0
2020-04-25,Pinal,Arizona,4021.0,332,9,15.0,13.857142857142858
2020-04-26,Pinal,Arizona,4021.0,342,9,10.0,13.571428571428571
2020-04-27,Pinal,Arizona,4021.0,359,9,17.0,14.714285714285714
2020-04-28,Pinal,Arizona,4021.0,365,9,6.0,13.857142857142858
2020-04-29,Pinal,Arizona,4021.0,387,11,22.0,14.857142857142858
2020-04-30,Pinal,Arizona,4021.0,397,11,10.0,13.428571428571429
2020-05-01,Pinal,Arizona,4021.0,417,13,20.0,14.285714285714286
2020-05-02,Pinal,Arizona,4021.0,435,13,18.0,14.714285714285714
2020-05-03,Pinal,Arizona,4021.0,456,13,21.0,16.285714285714285
2020-05-04,Pinal,Arizona,4021.0,468,13,12.0,15.571428571428571
2020-05-05,Pinal,Arizona,4021.0,478,15,10.0,16.142857142857142
2020-05-06,Pinal,Arizona,4021.0,497,15,19.0,15.714285714285714
2020-05-07,Pinal,Arizona,4021.0,530,15,33.0,19.0
2020-05-08,Pinal,Arizona,4021.0,566,19,36.0,21.285714285714285
2020-05-09,Pinal,Arizona,4021.0,585,19,19.0,21.428571428571427
2020-05-10,Pinal,Arizona,4021.0,600,19,15.0,20.571428571428573
2020-05-11,Pinal,Arizona,4021.0,620,19,20.0,21.714285714285715
2020-05-12,Pinal,Arizona,4021.0,636,20,16.0,22.571428571428573
2020-01-26,Santa Cruz,Arizona,,0,0,0.0,
2020-01-27,Santa Cruz,Arizona,,0,0,0.0,
2020-01-28,Santa Cruz,Arizona,,0,0,0.0,
2020-01-29,Santa Cruz,Arizona,,0,0,0.0,
2020-01-30,Santa Cruz,Arizona,,0,0,0.0,
2020-01-31,Santa Cruz,Arizona,,0,0,0.0,
2020-02-01,Santa Cruz,Arizona,,0,0,0.0,0.0
2020-02-02,Santa Cruz,Arizona,,0,0,0.0,0.0
2020-02-03,Santa Cruz,Arizona,,0,0,0.0,0.0
2020-02-04,Santa Cruz,Arizona,,0,0,0.0,0.0
2020-02-05,Santa Cruz,Arizona,,0,0,0.0,0.0
2020-02-06,Santa Cruz,Arizona,,0,0,0.0,0.0
2020-02-07,Santa Cruz,Arizona,,0,0,0.0,0.0
2020-02-08,Santa Cruz,Arizona,,0,0,0.0,0.0
2020-02-09,Santa Cruz,Arizona,,0,0,0.0,0.0
2020-02-10,Santa Cruz,Arizona,,0,0,0.0,0.0
2020-02-11,Santa Cruz,Arizona,,0,0,0.0,0.0
2020-02-12,Santa Cruz,Arizona,,0,0,0.0,0.0
2020-02-13,Santa Cruz,Arizona,,0,0,0.0,0.0
2020-02-14,Santa Cruz,Arizona,,0,0,0.0,0.0
2020-02-15,Santa Cruz,Arizona,,0,0,0.0,0.0
2020-02-16,Santa Cruz,Arizona,,0,0,0.0,0.0
2020-02-17,Santa Cruz,Arizona,,0,0,0.0,0.0
2020-02-18,Santa Cruz,Arizona,,0,0,0.0,0.0
2020-02-19,Santa Cruz,Arizona,,0,0,0.0,0.0
2020-02-20,Santa Cruz,Arizona,,0,0,0.0,0.0
2020-02-21,Santa Cruz,Arizona,,0,0,0.0,0.0
2020-02-22,Santa Cruz,Arizona,,0,0,0.0,0.0
2020-02-23,Santa Cruz,Arizona,,0,0,0.0,0.0
2020-02-24,Santa Cruz,Arizona,,0,0,0.0,0.0
2020-02-25,Santa Cruz,Arizona,,0,0,0.0,0.0
2020-02-26,Santa Cruz,Arizona,,0,0,0.0,0.0
2020-02-27,Santa Cruz,Arizona,,0,0,0.0,0.0
2020-02-28,Santa Cruz,Arizona,,0,0,0.0,0.0
2020-02-29,Santa Cruz,Arizona,,0,0,0.0,0.0
2020-03-01,Santa Cruz,Arizona,,0,0,0.0,0.0
2020-03-02,Santa Cruz,Arizona,,0,0,0.0,0.0
2020-03-03,Santa Cruz,Arizona,,0,0,0.0,0.0
2020-03-04,Santa Cruz,Arizona,,0,0,0.0,0.0
2020-03-05,Santa Cruz,Arizona,,0,0,0.0,0.0
2020-03-06,Santa Cruz,Arizona,,0,0,0.0,0.0
2020-03-07,Santa Cruz,Arizona,,0,0,0.0,0.0
2020-03-08,Santa Cruz,Arizona,,0,0,0.0,0.0
2020-03-09,Santa Cruz,Arizona,,0,0,0.0,0.0
2020-03-10,Santa Cruz,Arizona,,0,0,0.0,0.0
2020-03-11,Santa Cruz,Arizona,,0,0,0.0,0.0
2020-03-12,Santa Cruz,Arizona,,0,0,0.0,0.0
2020-03-13,Santa Cruz,Arizona,,0,0,0.0,0.0
2020-03-14,Santa Cruz,Arizona,,0,0,0.0,0.0
2020-03-15,Santa Cruz,Arizona,,0,0,0.0,0.0
2020-03-16,Santa Cruz,Arizona,,0,0,0.0,0.0
2020-03-17,Santa Cruz,Arizona,,0,0,0.0,0.0
2020-03-18,Santa Cruz,Arizona,,0,0,0.0,0.0
2020-03-19,Santa Cruz,Arizona,4023.0,1,0,1.0,0.14285714285714285
2020-03-20,Santa Cruz,Arizona,4023.0,1,0,0.0,0.14285714285714285
2020-03-21,Santa Cruz,Arizona,4023.0,1,0,0.0,0.14285714285714285
2020-03-22,Santa Cruz,Arizona,4023.0,1,0,0.0,0.14285714285714285
2020-03-23,Santa Cruz,Arizona,4023.0,1,0,0.0,0.14285714285714285
2020-03-24,Santa Cruz,Arizona,4023.0,1,0,0.0,0.14285714285714285
2020-03-25,Santa Cruz,Arizona,4023.0,2,0,1.0,0.2857142857142857
2020-03-26,Santa Cruz,Arizona,4023.0,2,0,0.0,0.14285714285714285
2020-03-27,Santa Cruz,Arizona,4023.0,2,0,0.0,0.14285714285714285
2020-03-28,Santa Cruz,Arizona,4023.0,2,0,0.0,0.14285714285714285
2020-03-29,Santa Cruz,Arizona,4023.0,2,0,0.0,0.14285714285714285
2020-03-30,Santa Cruz,Arizona,4023.0,2,0,0.0,0.14285714285714285
2020-03-31,Santa Cruz,Arizona,4023.0,2,0,0.0,0.14285714285714285
2020-04-01,Santa Cruz,Arizona,4023.0,3,0,1.0,0.14285714285714285
2020-04-02,Santa Cruz,Arizona,4023.0,3,0,0.0,0.14285714285714285
2020-04-03,Santa Cruz,Arizona,4023.0,3,0,0.0,0.14285714285714285
2020-04-04,Santa Cruz,Arizona,4023.0,4,0,1.0,0.2857142857142857
2020-04-05,Santa Cruz,Arizona,4023.0,4,0,0.0,0.2857142857142857
2020-04-06,Santa Cruz,Arizona,4023.0,5,0,1.0,0.42857142857142855
2020-04-07,Santa Cruz,Arizona,4023.0,5,0,0.0,0.42857142857142855
2020-04-08,Santa Cruz,Arizona,4023.0,6,0,1.0,0.42857142857142855
2020-04-09,Santa Cruz,Arizona,4023.0,7,0,1.0,0.5714285714285714
2020-04-10,Santa Cruz,Arizona,4023.0,7,0,0.0,0.5714285714285714
2020-04-11,Santa Cruz,Arizona,4023.0,8,0,1.0,0.5714285714285714
2020-04-12,Santa Cruz,Arizona,4023.0,8,0,0.0,0.5714285714285714
2020-04-13,Santa Cruz,Arizona,4023.0,10,0,2.0,0.7142857142857143
2020-04-14,Santa Cruz,Arizona,4023.0,10,0,0.0,0.7142857142857143
2020-04-15,Santa Cruz,Arizona,4023.0,12,0,2.0,0.8571428571428571
2020-04-16,Santa Cruz,Arizona,4023.0,14,0,2.0,1.0
2020-04-17,Santa Cruz,Arizona,4023.0,15,0,1.0,1.1428571428571428
2020-04-18,Santa Cruz,Arizona,4023.0,16,0,1.0,1.1428571428571428
2020-04-19,Santa Cruz,Arizona,4023.0,19,0,3.0,1.5714285714285714
2020-04-20,Santa Cruz,Arizona,4023.0,20,0,1.0,1.4285714285714286
2020-04-21,Santa Cruz,Arizona,4023.0,23,0,3.0,1.8571428571428572
2020-04-22,Santa Cruz,Arizona,4023.0,28,0,5.0,2.2857142857142856
2020-04-23,Santa Cruz,Arizona,4023.0,28,0,0.0,2.0
2020-04-24,Santa Cruz,Arizona,4023.0,30,0,2.0,2.142857142857143
2020-04-25,Santa Cruz,Arizona,4023.0,30,0,0.0,2.0
2020-04-26,Santa Cruz,Arizona,4023.0,30,0,0.0,1.5714285714285714
2020-04-27,Santa Cruz,Arizona,4023.0,30,0,0.0,1.4285714285714286
2020-04-28,Santa Cruz,Arizona,4023.0,31,0,1.0,1.1428571428571428
2020-04-29,Santa Cruz,Arizona,4023.0,31,0,0.0,0.42857142857142855
2020-04-30,Santa Cruz,Arizona,4023.0,33,0,2.0,0.7142857142857143
2020-05-01,Santa Cruz,Arizona,4023.0,33,0,0.0,0.42857142857142855
2020-05-02,Santa Cruz,Arizona,4023.0,34,0,1.0,0.5714285714285714
2020-05-03,Santa Cruz,Arizona,4023.0,34,0,0.0,0.5714285714285714
2020-05-04,Santa Cruz,Arizona,4023.0,34,0,0.0,0.5714285714285714
2020-05-05,Santa Cruz,Arizona,4023.0,35,0,1.0,0.5714285714285714
2020-05-06,Santa Cruz,Arizona,4023.0,37,0,2.0,0.8571428571428571
2020-05-07,Santa Cruz,Arizona,4023.0,38,0,1.0,0.7142857142857143
2020-05-08,Santa Cruz,Arizona,4023.0,38,0,0.0,0.7142857142857143
2020-05-09,Santa Cruz,Arizona,4023.0,40,0,2.0,0.8571428571428571
2020-05-10,Santa Cruz,Arizona,4023.0,44,0,4.0,1.4285714285714286
2020-05-11,Santa Cruz,Arizona,4023.0,45,0,1.0,1.5714285714285714
2020-05-12,Santa Cruz,Arizona,4023.0,51,0,6.0,2.2857142857142856
2020-01-26,Unknown,Arizona,,0,0,0.0,
2020-01-27,Unknown,Arizona,,0,0,0.0,
2020-01-28,Unknown,Arizona,,0,0,0.0,
2020-01-29,Unknown,Arizona,,0,0,0.0,
2020-01-30,Unknown,Arizona,,0,0,0.0,
2020-01-31,Unknown,Arizona,,0,0,0.0,
2020-02-01,Unknown,Arizona,,0,0,0.0,0.0
2020-02-02,Unknown,Arizona,,0,0,0.0,0.0
2020-02-03,Unknown,Arizona,,0,0,0.0,0.0
2020-02-04,Unknown,Arizona,,0,0,0.0,0.0
2020-02-05,Unknown,Arizona,,0,0,0.0,0.0
2020-02-06,Unknown,Arizona,,0,0,0.0,0.0
2020-02-07,Unknown,Arizona,,0,0,0.0,0.0
2020-02-08,Unknown,Arizona,,0,0,0.0,0.0
2020-02-09,Unknown,Arizona,,0,0,0.0,0.0
2020-02-10,Unknown,Arizona,,0,0,0.0,0.0
2020-02-11,Unknown,Arizona,,0,0,0.0,0.0
2020-02-12,Unknown,Arizona,,0,0,0.0,0.0
2020-02-13,Unknown,Arizona,,0,0,0.0,0.0
2020-02-14,Unknown,Arizona,,0,0,0.0,0.0
2020-02-15,Unknown,Arizona,,0,0,0.0,0.0
2020-02-16,Unknown,Arizona,,0,0,0.0,0.0
2020-02-17,Unknown,Arizona,,0,0,0.0,0.0
2020-02-18,Unknown,Arizona,,0,0,0.0,0.0
2020-02-19,Unknown,Arizona,,0,0,0.0,0.0
2020-02-20,Unknown,Arizona,,0,0,0.0,0.0
2020-02-21,Unknown,Arizona,,0,0,0.0,0.0
2020-02-22,Unknown,Arizona,,0,0,0.0,0.0
2020-02-23,Unknown,Arizona,,0,0,0.0,0.0
2020-02-24,Unknown,Arizona,,0,0,0.0,0.0
2020-02-25,Unknown,Arizona,,0,0,0.0,0.0
2020-02-26,Unknown,Arizona,,0,0,0.0,0.0
2020-02-27,Unknown,Arizona,,0,0,0.0,0.0
2020-02-28,Unknown,Arizona,,0,0,0.0,0.0
2020-02-29,Unknown,Arizona,,0,0,0.0,0.0
2020-03-01,Unknown,Arizona,,0,0,0.0,0.0
2020-03-02,Unknown,Arizona,,0,0,0.0,0.0
2020-03-03,Unknown,Arizona,,0,0,0.0,0.0
2020-03-04,Unknown,Arizona,,0,0,0.0,0.0
2020-03-05,Unknown,Arizona,,0,0,0.0,0.0
2020-03-06,Unknown,Arizona,,0,0,0.0,0.0
2020-03-07,Unknown,Arizona,,0,0,0.0,0.0
2020-03-08,Unknown,Arizona,,0,0,0.0,0.0
2020-03-09,Unknown,Arizona,,0,0,0.0,0.0
2020-03-10,Unknown,Arizona,,0,0,0.0,0.0
2020-03-11,Unknown,Arizona,,0,0,0.0,0.0
2020-03-12,Unknown,Arizona,,0,0,0.0,0.0
2020-03-13,Unknown,Arizona,,0,0,0.0,0.0
2020-03-14,Unknown,Arizona,,0,0,0.0,0.0
2020-03-15,Unknown,Arizona,,0,0,0.0,0.0
2020-03-16,Unknown,Arizona,,0,0,0.0,0.0
2020-03-17,Unknown,Arizona,,0,0,0.0,0.0
2020-03-18,Unknown,Arizona,,0,0,0.0,0.0
2020-03-19,Unknown,Arizona,,0,0,0.0,0.0
2020-03-20,Unknown,Arizona,,0,0,0.0,0.0
2020-03-21,Unknown,Arizona,,0,0,0.0,0.0
2020-03-22,Unknown,Arizona,,0,0,0.0,0.0
2020-03-23,Unknown,Arizona,,0,0,0.0,0.0
2020-03-24,Unknown,Arizona,,0,0,0.0,0.0
2020-03-25,Unknown,Arizona,,0,0,0.0,0.0
2020-03-26,Unknown,Arizona,,0,0,0.0,0.0
2020-03-27,Unknown,Arizona,,0,0,0.0,0.0
2020-03-28,Unknown,Arizona,,0,0,0.0,0.0
2020-03-29,Unknown,Arizona,,0,0,0.0,0.0
2020-03-30,Unknown,Arizona,,0,0,0.0,0.0
2020-03-31,Unknown,Arizona,,0,0,0.0,0.0
2020-04-01,Unknown,Arizona,,0,0,0.0,0.0
2020-04-02,Unknown,Arizona,,0,0,0.0,0.0
2020-04-03,Unknown,Arizona,,0,4,0.0,0.0
2020-04-04,Unknown,Arizona,,0,2,0.0,0.0
2020-04-05,Unknown,Arizona,,0,9,0.0,0.0
2020-04-06,Unknown,Arizona,,0,10,0.0,0.0
2020-04-07,Unknown,Arizona,,0,12,0.0,0.0
2020-04-08,Unknown,Arizona,,0,0,0.0,0.0
2020-04-09,Unknown,Arizona,,0,0,0.0,0.0
2020-04-10,Unknown,Arizona,,0,5,0.0,0.0
2020-04-11,Unknown,Arizona,,0,5,0.0,0.0
2020-04-12,Unknown,Arizona,,0,1,0.0,0.0
2020-04-13,Unknown,Arizona,,0,1,0.0,0.0
2020-04-14,Unknown,Arizona,,0,1,0.0,0.0
2020-04-15,Unknown,Arizona,,0,0,0.0,0.0
2020-04-16,Unknown,Arizona,,0,0,0.0,0.0
2020-04-17,Unknown,Arizona,,0,0,0.0,0.0
2020-04-18,Unknown,Arizona,,0,0,0.0,0.0
2020-04-19,Unknown,Arizona,,0,0,0.0,0.0
2020-04-20,Unknown,Arizona,,0,0,0.0,0.0
2020-04-21,Unknown,Arizona,,0,0,0.0,0.0
2020-04-22,Unknown,Arizona,,0,0,0.0,0.0
2020-04-23,Unknown,Arizona,,0,0,0.0,0.0
2020-04-24,Unknown,Arizona,,0,0,0.0,0.0
2020-04-25,Unknown,Arizona,,0,0,0.0,0.0
2020-04-26,Unknown,Arizona,,0,0,0.0,0.0
2020-04-27,Unknown,Arizona,,0,0,0.0,0.0
2020-04-28,Unknown,Arizona,,0,0,0.0,0.0
2020-04-29,Unknown,Arizona,,0,0,0.0,0.0
2020-04-30,Unknown,Arizona,,0,0,0.0,0.0
2020-05-01,Unknown,Arizona,,0,0,0.0,0.0
2020-05-02,Unknown,Arizona,,0,0,0.0,0.0
2020-05-03,Unknown,Arizona,,0,0,0.0,0.0
2020-05-04,Unknown,Arizona,,0,0,0.0,0.0
2020-05-05,Unknown,Arizona,,0,0,0.0,0.0
2020-05-06,Unknown,Arizona,,0,0,0.0,0.0
2020-05-07,Unknown,Arizona,,0,0,0.0,0.0
2020-05-08,Unknown,Arizona,,0,0,0.0,0.0
2020-05-09,Unknown,Arizona,,0,0,0.0,0.0
2020-05-10,Unknown,Arizona,,0,0,0.0,0.0
2020-05-11,Unknown,Arizona,,0,0,0.0,0.0
2020-05-12,Unknown,Arizona,,0,0,0.0,0.0
2020-01-26,Yavapai,Arizona,,0,0,0.0,
2020-01-27,Yavapai,Arizona,,0,0,0.0,
2020-01-28,Yavapai,Arizona,,0,0,0.0,
2020-01-29,Yavapai,Arizona,,0,0,0.0,
2020-01-30,Yavapai,Arizona,,0,0,0.0,
2020-01-31,Yavapai,Arizona,,0,0,0.0,
2020-02-01,Yavapai,Arizona,,0,0,0.0,0.0
2020-02-02,Yavapai,Arizona,,0,0,0.0,0.0
2020-02-03,Yavapai,Arizona,,0,0,0.0,0.0
2020-02-04,Yavapai,Arizona,,0,0,0.0,0.0
2020-02-05,Yavapai,Arizona,,0,0,0.0,0.0
2020-02-06,Yavapai,Arizona,,0,0,0.0,0.0
2020-02-07,Yavapai,Arizona,,0,0,0.0,0.0
2020-02-08,Yavapai,Arizona,,0,0,0.0,0.0
2020-02-09,Yavapai,Arizona,,0,0,0.0,0.0
2020-02-10,Yavapai,Arizona,,0,0,0.0,0.0
2020-02-11,Yavapai,Arizona,,0,0,0.0,0.0
2020-02-12,Yavapai,Arizona,,0,0,0.0,0.0
2020-02-13,Yavapai,Arizona,,0,0,0.0,0.0
2020-02-14,Yavapai,Arizona,,0,0,0.0,0.0
2020-02-15,Yavapai,Arizona,,0,0,0.0,0.0
2020-02-16,Yavapai,Arizona,,0,0,0.0,0.0
2020-02-17,Yavapai,Arizona,,0,0,0.0,0.0
2020-02-18,Yavapai,Arizona,,0,0,0.0,0.0
2020-02-19,Yavapai,Arizona,,0,0,0.0,0.0
2020-02-20,Yavapai,Arizona,,0,0,0.0,0.0
2020-02-21,Yavapai,Arizona,,0,0,0.0,0.0
2020-02-22,Yavapai,Arizona,,0,0,0.0,0.0
2020-02-23,Yavapai,Arizona,,0,0,0.0,0.0
2020-02-24,Yavapai,Arizona,,0,0,0.0,0.0
2020-02-25,Yavapai,Arizona,,0,0,0.0,0.0
2020-02-26,Yavapai,Arizona,,0,0,0.0,0.0
2020-02-27,Yavapai,Arizona,,0,0,0.0,0.0
2020-02-28,Yavapai,Arizona,,0,0,0.0,0.0
2020-02-29,Yavapai,Arizona,,0,0,0.0,0.0
2020-03-01,Yavapai,Arizona,,0,0,0.0,0.0
2020-03-02,Yavapai,Arizona,,0,0,0.0,0.0
2020-03-03,Yavapai,Arizona,,0,0,0.0,0.0
2020-03-04,Yavapai,Arizona,,0,0,0.0,0.0
2020-03-05,Yavapai,Arizona,,0,0,0.0,0.0
2020-03-06,Yavapai,Arizona,,0,0,0.0,0.0
2020-03-07,Yavapai,Arizona,,0,0,0.0,0.0
2020-03-08,Yavapai,Arizona,,0,0,0.0,0.0
2020-03-09,Yavapai,Arizona,,0,0,0.0,0.0
2020-03-10,Yavapai,Arizona,,0,0,0.0,0.0
2020-03-11,Yavapai,Arizona,,0,0,0.0,0.0
2020-03-12,Yavapai,Arizona,,0,0,0.0,0.0
2020-03-13,Yavapai,Arizona,,0,0,0.0,0.0
2020-03-14,Yavapai,Arizona,,0,0,0.0,0.0
2020-03-15,Yavapai,Arizona,,0,0,0.0,0.0
2020-03-16,Yavapai,Arizona,,0,0,0.0,0.0
2020-03-17,Yavapai,Arizona,,0,0,0.0,0.0
2020-03-18,Yavapai,Arizona,,0,0,0.0,0.0
2020-03-19,Yavapai,Arizona,4025.0,1,0,1.0,0.14285714285714285
2020-03-20,Yavapai,Arizona,4025.0,1,0,0.0,0.14285714285714285
2020-03-21,Yavapai,Arizona,4025.0,1,0,0.0,0.14285714285714285
2020-03-22,Yavapai,Arizona,4025.0,3,0,2.0,0.42857142857142855
2020-03-23,Yavapai,Arizona,4025.0,3,0,0.0,0.42857142857142855
2020-03-24,Yavapai,Arizona,4025.0,3,0,0.0,0.42857142857142855
2020-03-25,Yavapai,Arizona,4025.0,4,0,1.0,0.5714285714285714
2020-03-26,Yavapai,Arizona,4025.0,5,0,1.0,0.5714285714285714
2020-03-27,Yavapai,Arizona,4025.0,9,0,4.0,1.1428571428571428
2020-03-28,Yavapai,Arizona,4025.0,13,0,4.0,1.7142857142857142
2020-03-29,Yavapai,Arizona,4025.0,12,0,0.0,1.4285714285714286
2020-03-30,Yavapai,Arizona,4025.0,19,0,7.0,2.4285714285714284
2020-03-31,Yavapai,Arizona,4025.0,24,0,5.0,3.142857142857143
2020-04-01,Yavapai,Arizona,4025.0,24,0,0.0,3.0
2020-04-02,Yavapai,Arizona,4025.0,34,0,10.0,4.285714285714286
2020-04-03,Yavapai,Arizona,4025.0,35,0,1.0,3.857142857142857
2020-04-04,Yavapai,Arizona,4025.0,43,0,8.0,4.428571428571429
2020-04-05,Yavapai,Arizona,4025.0,45,0,2.0,4.714285714285714
2020-04-06,Yavapai,Arizona,4025.0,50,1,5.0,4.428571428571429
2020-04-07,Yavapai,Arizona,4025.0,57,1,7.0,4.714285714285714
2020-04-08,Yavapai,Arizona,4025.0,58,1,1.0,4.857142857142857
2020-04-09,Yavapai,Arizona,4025.0,62,1,4.0,4.0
2020-04-10,Yavapai,Arizona,4025.0,62,1,0.0,3.857142857142857
2020-04-11,Yavapai,Arizona,4025.0,63,1,1.0,2.857142857142857
2020-04-12,Yavapai,Arizona,4025.0,63,1,0.0,2.5714285714285716
2020-04-13,Yavapai,Arizona,4025.0,65,1,2.0,2.142857142857143
2020-04-14,Yavapai,Arizona,4025.0,70,1,5.0,1.8571428571428572
2020-04-15,Yavapai,Arizona,4025.0,66,1,0.0,1.7142857142857142
2020-04-16,Yavapai,Arizona,4025.0,68,1,2.0,1.4285714285714286
2020-04-17,Yavapai,Arizona,4025.0,69,1,1.0,1.5714285714285714
2020-04-18,Yavapai,Arizona,4025.0,72,1,3.0,1.8571428571428572
2020-04-19,Yavapai,Arizona,4025.0,72,1,0.0,1.8571428571428572
2020-04-20,Yavapai,Arizona,4025.0,71,1,0.0,1.5714285714285714
2020-04-21,Yavapai,Arizona,4025.0,72,1,1.0,1.0
2020-04-22,Yavapai,Arizona,4025.0,73,1,1.0,1.1428571428571428
2020-04-23,Yavapai,Arizona,4025.0,75,1,2.0,1.1428571428571428
2020-04-24,Yavapai,Arizona,4025.0,75,1,0.0,1.0
2020-04-25,Yavapai,Arizona,4025.0,76,1,1.0,0.7142857142857143
2020-04-26,Yavapai,Arizona,4025.0,76,1,0.0,0.7142857142857143
2020-04-27,Yavapai,Arizona,4025.0,77,1,1.0,0.8571428571428571
2020-04-28,Yavapai,Arizona,4025.0,77,1,0.0,0.7142857142857143
2020-04-29,Yavapai,Arizona,4025.0,79,2,2.0,0.8571428571428571
2020-04-30,Yavapai,Arizona,4025.0,79,2,0.0,0.5714285714285714
2020-05-01,Yavapai,Arizona,4025.0,82,2,3.0,1.0
2020-05-02,Yavapai,Arizona,4025.0,87,2,5.0,1.5714285714285714
2020-05-03,Yavapai,Arizona,4025.0,89,2,2.0,1.8571428571428572
2020-05-04,Yavapai,Arizona,4025.0,93,2,4.0,2.2857142857142856
2020-05-05,Yavapai,Arizona,4025.0,126,2,33.0,7.0
2020-05-06,Yavapai,Arizona,4025.0,140,3,14.0,8.714285714285714
2020-05-07,Yavapai,Arizona,4025.0,152,3,12.0,10.428571428571429
2020-05-08,Yavapai,Arizona,4025.0,170,4,18.0,12.571428571428571
2020-05-09,Yavapai,Arizona,4025.0,175,4,5.0,12.571428571428571
2020-05-10,Yavapai,Arizona,4025.0,177,4,2.0,12.571428571428571
2020-05-11,Yavapai,Arizona,4025.0,180,4,3.0,12.428571428571429
2020-05-12,Yavapai,Arizona,4025.0,206,4,26.0,11.428571428571429
2020-01-26,Yuma,Arizona,,0,0,0.0,
2020-01-27,Yuma,Arizona,,0,0,0.0,
2020-01-28,Yuma,Arizona,,0,0,0.0,
2020-01-29,Yuma,Arizona,,0,0,0.0,
2020-01-30,Yuma,Arizona,,0,0,0.0,
2020-01-31,Yuma,Arizona,,0,0,0.0,
2020-02-01,Yuma,Arizona,,0,0,0.0,0.0
2020-02-02,Yuma,Arizona,,0,0,0.0,0.0
2020-02-03,Yuma,Arizona,,0,0,0.0,0.0
2020-02-04,Yuma,Arizona,,0,0,0.0,0.0
2020-02-05,Yuma,Arizona,,0,0,0.0,0.0
2020-02-06,Yuma,Arizona,,0,0,0.0,0.0
2020-02-07,Yuma,Arizona,,0,0,0.0,0.0
2020-02-08,Yuma,Arizona,,0,0,0.0,0.0
2020-02-09,Yuma,Arizona,,0,0,0.0,0.0
2020-02-10,Yuma,Arizona,,0,0,0.0,0.0
2020-02-11,Yuma,Arizona,,0,0,0.0,0.0
2020-02-12,Yuma,Arizona,,0,0,0.0,0.0
2020-02-13,Yuma,Arizona,,0,0,0.0,0.0
2020-02-14,Yuma,Arizona,,0,0,0.0,0.0
2020-02-15,Yuma,Arizona,,0,0,0.0,0.0
2020-02-16,Yuma,Arizona,,0,0,0.0,0.0
2020-02-17,Yuma,Arizona,,0,0,0.0,0.0
2020-02-18,Yuma,Arizona,,0,0,0.0,0.0
2020-02-19,Yuma,Arizona,,0,0,0.0,0.0
2020-02-20,Yuma,Arizona,,0,0,0.0,0.0
2020-02-21,Yuma,Arizona,,0,0,0.0,0.0
2020-02-22,Yuma,Arizona,,0,0,0.0,0.0
2020-02-23,Yuma,Arizona,,0,0,0.0,0.0
2020-02-24,Yuma,Arizona,,0,0,0.0,0.0
2020-02-25,Yuma,Arizona,,0,0,0.0,0.0
2020-02-26,Yuma,Arizona,,0,0,0.0,0.0
2020-02-27,Yuma,Arizona,,0,0,0.0,0.0
2020-02-28,Yuma,Arizona,,0,0,0.0,0.0
2020-02-29,Yuma,Arizona,,0,0,0.0,0.0
2020-03-01,Yuma,Arizona,,0,0,0.0,0.0
2020-03-02,Yuma,Arizona,,0,0,0.0,0.0
2020-03-03,Yuma,Arizona,,0,0,0.0,0.0
2020-03-04,Yuma,Arizona,,0,0,0.0,0.0
2020-03-05,Yuma,Arizona,,0,0,0.0,0.0
2020-03-06,Yuma,Arizona,,0,0,0.0,0.0
2020-03-07,Yuma,Arizona,,0,0,0.0,0.0
2020-03-08,Yuma,Arizona,,0,0,0.0,0.0
2020-03-09,Yuma,Arizona,,0,0,0.0,0.0
2020-03-10,Yuma,Arizona,,0,0,0.0,0.0
2020-03-11,Yuma,Arizona,,0,0,0.0,0.0
2020-03-12,Yuma,Arizona,,0,0,0.0,0.0
2020-03-13,Yuma,Arizona,,0,0,0.0,0.0
2020-03-14,Yuma,Arizona,,0,0,0.0,0.0
2020-03-15,Yuma,Arizona,,0,0,0.0,0.0
2020-03-16,Yuma,Arizona,,0,0,0.0,0.0
2020-03-17,Yuma,Arizona,,0,0,0.0,0.0
2020-03-18,Yuma,Arizona,,0,0,0.0,0.0
2020-03-19,Yuma,Arizona,,0,0,0.0,0.0
2020-03-20,Yuma,Arizona,4027.0,1,0,1.0,0.14285714285714285
2020-03-21,Yuma,Arizona,4027.0,1,0,0.0,0.14285714285714285
2020-03-22,Yuma,Arizona,4027.0,1,0,0.0,0.14285714285714285
2020-03-23,Yuma,Arizona,4027.0,1,0,0.0,0.14285714285714285
2020-03-24,Yuma,Arizona,4027.0,2,0,1.0,0.2857142857142857
2020-03-25,Yuma,Arizona,4027.0,3,0,1.0,0.42857142857142855
2020-03-26,Yuma,Arizona,4027.0,4,0,1.0,0.5714285714285714
2020-03-27,Yuma,Arizona,4027.0,4,0,0.0,0.42857142857142855
2020-03-28,Yuma,Arizona,4027.0,4,0,0.0,0.42857142857142855
2020-03-29,Yuma,Arizona,4027.0,9,0,5.0,1.1428571428571428
2020-03-30,Yuma,Arizona,4027.0,12,0,3.0,1.5714285714285714
2020-03-31,Yuma,Arizona,4027.0,12,0,0.0,1.4285714285714286
2020-04-01,Yuma,Arizona,4027.0,12,0,0.0,1.2857142857142858
2020-04-02,Yuma,Arizona,4027.0,13,0,1.0,1.2857142857142858
2020-04-03,Yuma,Arizona,4027.0,13,0,0.0,1.2857142857142858
2020-04-04,Yuma,Arizona,4027.0,14,0,1.0,1.4285714285714286
2020-04-05,Yuma,Arizona,4027.0,13,0,0.0,0.7142857142857143
2020-04-06,Yuma,Arizona,4027.0,15,0,2.0,0.5714285714285714
2020-04-07,Yuma,Arizona,4027.0,15,0,0.0,0.5714285714285714
2020-04-08,Yuma,Arizona,4027.0,14,0,0.0,0.5714285714285714
2020-04-09,Yuma,Arizona,4027.0,15,0,1.0,0.5714285714285714
2020-04-10,Yuma,Arizona,4027.0,16,0,1.0,0.7142857142857143
2020-04-11,Yuma,Arizona,4027.0,15,0,0.0,0.5714285714285714
2020-04-12,Yuma,Arizona,4027.0,17,0,2.0,0.8571428571428571
2020-04-13,Yuma,Arizona,4027.0,17,1,0.0,0.5714285714285714
2020-04-14,Yuma,Arizona,4027.0,17,1,0.0,0.5714285714285714
2020-04-15,Yuma,Arizona,4027.0,18,1,1.0,0.7142857142857143
2020-04-16,Yuma,Arizona,4027.0,21,1,3.0,1.0
2020-04-17,Yuma,Arizona,4027.0,23,1,2.0,1.1428571428571428
2020-04-18,Yuma,Arizona,4027.0,24,1,1.0,1.2857142857142858
2020-04-19,Yuma,Arizona,4027.0,25,1,1.0,1.1428571428571428
2020-04-20,Yuma,Arizona,4027.0,27,1,2.0,1.4285714285714286
2020-04-21,Yuma,Arizona,4027.0,27,1,0.0,1.4285714285714286
2020-04-22,Yuma,Arizona,4027.0,28,1,1.0,1.4285714285714286
2020-04-23,Yuma,Arizona,4027.0,39,1,11.0,2.5714285714285716
2020-04-24,Yuma,Arizona,4027.0,42,1,3.0,2.7142857142857144
2020-04-25,Yuma,Arizona,4027.0,47,1,5.0,3.2857142857142856
2020-04-26,Yuma,Arizona,4027.0,51,1,4.0,3.7142857142857144
2020-04-27,Yuma,Arizona,4027.0,53,1,2.0,3.7142857142857144
2020-04-28,Yuma,Arizona,4027.0,60,1,7.0,4.714285714285714
2020-04-29,Yuma,Arizona,4027.0,65,1,5.0,5.285714285714286
2020-04-30,Yuma,Arizona,4027.0,78,1,13.0,5.571428571428571
2020-05-01,Yuma,Arizona,4027.0,82,1,4.0,5.714285714285714
2020-05-02,Yuma,Arizona,4027.0,89,1,7.0,6.0
2020-05-03,Yuma,Arizona,4027.0,98,1,9.0,6.714285714285714
2020-05-04,Yuma,Arizona,4027.0,110,1,12.0,8.142857142857142
2020-05-05,Yuma,Arizona,4027.0,115,1,5.0,7.857142857142857
2020-05-06,Yuma,Arizona,4027.0,134,1,19.0,9.857142857142858
2020-05-07,Yuma,Arizona,4027.0,148,1,14.0,10.0
2020-05-08,Yuma,Arizona,4027.0,159,1,11.0,11.0
2020-05-09,Yuma,Arizona,4027.0,176,3,17.0,12.428571428571429
2020-05-10,Yuma,Arizona,4027.0,191,3,15.0,13.285714285714286
2020-05-11,Yuma,Arizona,4027.0,196,3,5.0,12.285714285714286
2020-05-12,Yuma,Arizona,4027.0,207,3,11.0,13.142857142857142
